driverId,constructorId,constructorPosition,gridPosition,q3,finalPosition,circuitId
1,1,2,2,98622.0,1,24
1,1,1,1,84922.0,3,1
1,131,1,1,75098.0,3,6
1,131,1,1,74393.0,1,7
1,131,4,6,81011.0,12,78
1,131,1,2,89385.0,1,3
1,131,1,1,74411.0,2,21
1,1,1,7,95626.0,3,17
1,1,2,5,84474.0,7,68
1,1,3,1,75666.0,1,10
1,1,4,1,107891.0,1,15
1,131,1,2,97433.0,1,71
1,131,1,1,82020.0,6,11
1,131,1,1,83837.0,2,1
1,131,1,1,89493.0,3,3
1,1,2,24,81707.0,8,4
1,1,2,3,74583.0,5,6
1,1,2,2,74087.0,1,7
1,1,2,2,82725.0,4,14
1,1,2,4,104809.0,5,15
1,1,2,3,90617.0,5,22
1,131,3,3,77104.0,2,1
1,131,3,7,90384.0,5,3
1,131,1,4,63262.0,5,70
1,131,1,2,91570.0,1,17
1,131,2,1,121012.0,3,13
1,1,2,8,91169.0,5,22
1,1,1,1,86714.0,1,1
1,1,11,4,96045.0,2,2
1,131,1,1,94794.0,1,24
1,131,1,1,80486.0,2,1
1,131,1,3,88190.0,1,3
1,131,2,3,87627.0,3,7
1,131,1,1,86327.0,1,1
1,1,4,3,92395.0,3,22
1,131,1,2,92703.0,1,22
1,131,1,1,87760.0,1,22
1,131,1,1,92237.0,3,69
1,131,3,5,101177.0,6,73
1,1,1,9,96709.0,5,2
1,1,2,1,80899.0,5,11
1,131,1,3,74894.0,4,32
1,131,1,1,67281.0,1,18
1,1,2,1,96303.0,1,17
1,1,2,1,107338.0,3,13
1,1,2,4,72830.0,5,18
1,1,11,4,86755.0,3,1
1,131,1,2,78355.0,1,75
1,131,1,1,76741.0,1,4
1,131,1,1,96015.0,1,15
1,131,1,2,91532.0,1,71
1,131,1,1,109834.0,2,2
1,131,4,10,108106.0,2,80
1,131,1,2,79668.0,2,32
1,131,1,2,71360.0,2,18
1,131,4,6,79513.0,5,14
1,1,4,9,98595.0,6,17
1,131,4,5,64903.0,4,70
1,131,1,1,81135.0,2,14
1,1,11,1,75707.0,1,7
1,131,1,2,76020.0,2,32
1,131,1,10,67934.0,1,18
1,131,1,1,78887.0,7,14
1,131,1,1,75144.0,1,76
1,131,1,1,75419.0,2,11
1,131,1,4,104050.0,1,71
1,131,1,1,91304.0,3,71
1,131,1,2,85525.0,1,20
1,1,11,1,72331.0,1,19
1,1,11,2,75104.0,3,8
1,131,1,1,94999.0,1,69
1,131,1,1,78704.0,1,32
1,131,1,1,70736.0,1,18
1,1,2,2,90134.0,1,20
1,1,2,2,79978.0,4,11
1,1,2,2,92520.0,8,3
1,131,1,1,76652.0,1,75
1,131,1,2,73706.0,1,21
1,1,4,5,94196.0,4,3
1,131,1,2,92660.0,1,22
1,131,1,1,92571.0,1,3
1,1,5,4,81839.0,1,11
1,1,4,1,99489.0,2,12
1,131,1,1,72812.0,1,7
1,131,4,2,85990.0,1,9
1,131,1,2,70056.0,2,18
1,131,1,2,100866.0,1,24
1,1,2,3,97380.0,4,12
1,1,2,10,92376.0,4,9
1,1,11,1,79781.0,1,11
1,131,1,2,85217.0,2,9
1,131,1,1,75584.0,1,4
1,131,1,1,101252.0,1,13
1,131,1,1,80827.0,1,78
1,131,1,1,87511.0,1,77
1,131,1,2,82480.0,2,24
1,1,2,9,92327.0,5,22
1,131,2,1,82188.0,2,1
1,131,1,1,91678.0,1,17
1,131,4,8,88107.0,6,79
1,131,4,8,75504.0,6,21
1,1,1,6,95034.0,2,17
1,1,2,1,80953.0,1,11
1,131,4,3,113835.0,1,13
1,131,1,10,121954.0,5,73
1,131,1,2,96443.0,1,69
1,131,1,1,84109.0,1,14
1,131,1,1,105681.0,1,15
1,1,2,4,115217.0,3,3
1,131,1,1,98755.0,1,24
1,131,1,2,68923.0,2,39
1,131,1,1,67922.0,1,70
1,131,1,1,89287.0,1,9
1,1,11,2,92935.0,2,3
1,1,11,4,81785.0,2,4
1,1,11,2,75905.0,2,6
1,131,1,1,86600.0,1,9
1,131,1,2,93464.0,1,3
1,131,1,1,113860.0,1,17
1,131,1,1,85232.0,1,4
1,1,11,2,87373.0,5,5
1,1,11,2,82034.0,2,14
1,1,11,4,106406.0,4,13
1,1,11,1,85368.0,1,16
1,131,2,2,88792.0,2,3
1,131,1,4,93767.0,4,71
1,131,1,1,79149.0,1,4
1,131,1,5,62951.0,4,70
1,131,1,1,79273.0,1,70
1,131,1,1,73447.0,1,11
1,131,1,8,64424.0,4,70
1,131,4,7,72280.0,4,7
1,131,4,3,71701.0,3,4
1,1,11,1,79997.0,3,9
1,1,3,5,74432.0,5,6
1,1,1,2,86433.0,1,5
1,1,1,1,75105.0,1,7
1,131,2,5,87677.0,9,18
1,1,2,4,85595.0,4,5
1,1,2,3,81961.0,2,4
1,1,2,9,75280.0,6,6
1,1,2,1,84010.0,1,14
1,1,4,8,113543.0,8,9
1,131,1,3,103288.0,3,15
1,131,1,2,80108.0,1,11
1,131,1,2,74470.0,1,10
1,131,1,1,102553.0,1,13
1,131,1,1,95554.0,1,14
1,131,3,9,89710.0,7,3
1,131,4,8,88460.0,9,77
1,131,4,7,88766.0,9,22
1,131,2,1,81164.0,2,1
1,131,2,6,77454.0,2,32
1,131,1,1,84303.0,1,9
1,1,3,2,95766.0,1,69
1,1,2,2,84307.0,2,1
1,1,2,2,94974.0,8,2
1,1,2,3,94463.0,1,17
1,131,2,5,71469.0,8,18
1,131,1,4,76707.0,4,11
1,1,3,3,85544.0,4,68
1,131,2,5,91238.0,3,3
1,131,1,5,92321.0,2,69
1,131,1,3,67699.0,7,18
1,131,1,1,94779.0,1,24
1,131,1,1,71459.0,1,7
1,131,1,1,100593.0,5,73
1,131,3,6,89625.0,6,79
1,131,1,2,76048.0,2,6
1,131,1,6,99232.0,1,9
1,131,1,2,90660.0,3,22
1,131,1,11,82868.0,5,5
1,131,1,2,93119.0,2,69
1,1,3,3,97469.0,10,35
1,131,1,2,96408.0,4,15
1,131,3,8,73151.0,3,70
1,131,3,4,91765.0,2,34
1,131,3,6,79512.0,5,4
1,131,3,8,72560.0,8,6
1,131,3,7,102924.0,4,73
1,131,2,5,78825.0,4,1
1,131,1,2,92030.0,1,71
1,131,1,1,119431.0,1,2
1,1,1,3,97969.0,2,12
1,131,1,3,75262.0,1,32
1,131,3,4,82891.0,3,7
1,131,3,5,101995.0,3,9
1,131,1,3,103282.0,2,13
1,131,1,2,79346.0,3,14
1,131,3,2,97420.0,5,35
1,131,1,2,96403.0,2,24
1,131,3,7,78142.0,2,11
1,131,1,2,85099.0,1,9
1,131,1,1,71767.0,9,10
1,131,2,7,89908.0,5,22
1,131,2,2,101677.0,1,73
1,131,1,5,100126.0,1,15
1,131,1,1,90076.0,2,2
1,131,1,1,87319.0,1,22
1,131,1,1,93108.0,1,69
1,1,1,4,90556.0,2,9
1,131,2,3,84941.0,6,68
1,131,2,4,100501.0,7,24
1,131,2,5,97345.0,4,69
1,131,1,1,76173.0,1,4
1,131,1,3,71232.0,3,6
1,131,2,1,89607.0,4,9
1,131,4,9,92762.0,5,3
1,131,1,2,100554.0,2,73
1,131,1,2,76040.0,1,4
1,131,3,7,89223.0,5,77
1,131,2,5,91485.0,3,15
1,131,2,1,76609.0,4,11
1,131,2,3,107087.0,4,13
1,131,2,9,88220.0,3,3
1,131,1,4,91675.0,4,17
1,131,1,4,70996.0,5,7
1,131,1,1,90029.0,1,34
1,131,2,1,85892.0,2,9
1,131,1,3,74769.0,1,11
1,1,2,4,75747.0,4,18
1,1,2,2,99425.0,2,24
1,131,4,3,88087.0,5,1
1,131,4,4,111699.0,3,2
1,131,4,1,94484.0,3,17
1,131,2,8,80820.0,6,14
1,131,1,4,87302.0,3,22
1,131,3,19,81524.0,5,14
1,131,3,3,109466.0,9,15
1,131,3,6,90261.0,5,22
1,131,3,4,70648.0,4,39
1,131,1,1,95658.0,1,11
1,131,1,1,118179.0,2,13
1,131,1,3,79294.0,1,14
1,131,2,1,89398.0,5,20
1,131,2,1,79388.0,1,11
1,131,4,3,89841.0,6,15
1,131,1,2,84948.0,2,4
1,131,4,6,76651.0,4,32
1,131,1,1,92248.0,1,9
1,131,3,3,78084.0,2,32
1,131,3,2,72611.0,2,18
1,131,2,5,64819.0,8,70
1,131,2,7,87211.0,3,9
1,131,3,5,103254.0,5,15
1,1,1,6,74566.0,4,10
1,1,2,2,105863.0,1,13
1,131,4,2,73967.0,4,6
1,131,3,2,85512.0,3,7
1,131,3,5,71725.0,4,6
1,131,2,4,72818.0,2,4
1,131,1,1,70166.0,1,6
1,131,1,2,70446.0,1,7
1,131,1,1,88319.0,1,34
1,131,3,3,94947.0,2,69
1,131,1,1,98513.0,1,71
1,131,4,5,75854.0,3,11
1,131,1,2,100614.0,2,24
1,131,2,2,64066.0,2,70
1,131,2,4,64013.0,4,70
1,131,1,3,73942.0,1,6
1,1,2,4,96062.0,2,35
1,131,1,1,95782.0,1,17
1,131,1,1,83397.0,1,14
1,131,2,7,71095.0,7,6
1,1,1,2,105465.0,3,15
1,1,2,1,78404.0,12,16
1,131,1,1,107197.0,1,13
1,131,1,1,68455.0,2,70
1,1,2,3,75839.0,1,6
1,1,1,1,96219.0,3,2
1,1,2,1,95820.0,2,35
1,131,2,2,86134.0,1,9
1,131,1,6,112560.0,1,5
1,131,1,1,87264.0,1,3
1,1,2,2,99199.0,2,12
1,131,2,2,90248.0,2,34
1,131,1,3,95332.0,3,24
1,1,3,13,76693.0,10,8
1,1,3,4,81835.0,1,9
1,1,3,5,82096.0,3,4
1,1,3,3,87923.0,2,5
1,131,4,0,102289.0,9,73
2,2,1,6,93737.0,4,3
2,2,2,9,82542.0,9,4
2,2,2,9,88882.0,5,5
2,2,2,8,79633.0,2,7
2,2,3,5,87236.0,2,1
2,2,3,9,105964.0,6,15
2,2,2,5,96753.0,6,2
2,2,2,5,81873.0,2,9
2,2,3,10,99906.0,5,14
2,2,7,3,106500.0,5,13
2,2,5,9,81329.0,7,9
2,2,2,6,73081.0,6,18
2,2,5,8,87579.0,4,1
2,4,4,6,96124.0,3,2
2,2,2,2,80259.0,3,11
2,2,2,6,88037.0,4,5
2,2,2,6,107409.0,5,13
2,2,2,8,98455.0,7,17
2,2,2,4,83174.0,4,14
2,2,2,9,80894.0,6,9
2,2,2,4,91840.0,6,20
2,4,4,9,86659.0,7,5
2,2,6,8,102343.0,5,24
2,2,2,5,93404.0,4,3
2,2,2,3,76266.0,2,7
2,2,2,5,96543.0,4,2
2,2,2,7,75900.0,5,8
2,2,8,4,92945.0,6,22
2,2,5,8,106053.0,7,17
2,2,5,9,91513.0,8,22
2,2,3,8,100631.0,9,12
2,2,3,5,108315.0,2,13
2,2,2,3,86556.0,4,1
2,2,3,9,97201.0,5,17
2,2,5,3,81653.0,8,14
3,3,2,7,88687.0,3,1
3,3,4,8,94015.0,8,3
3,131,8,7,85686.0,12,1
3,3,6,5,78844.0,10,7
3,131,3,4,86008.0,5,7
3,131,2,2,90059.0,1,9
3,131,4,1,92330.0,9,3
3,131,2,4,122251.0,4,13
3,131,4,7,83027.0,5,14
3,131,4,7,106443.0,5,15
3,131,3,6,91397.0,8,22
3,131,3,6,84192.0,6,14
3,131,3,2,102932.0,4,15
3,131,5,1,95121.0,1,17
3,131,5,5,92821.0,5,3
3,131,4,5,110552.0,6,13
3,131,5,6,83005.0,7,4
3,131,5,2,74448.0,2,6
3,3,8,9,82558.0,8,4
3,3,7,6,75455.0,6,6
3,3,6,9,89191.0,5,5
3,3,6,3,108348.0,11,15
3,3,8,9,95134.0,9,3
3,3,6,10,107362.0,8,13
3,131,5,6,98623.0,6,12
3,131,5,7,98231.0,7,12
3,131,4,9,92209.0,6,9
3,131,5,6,73814.0,11,7
3,131,1,6,105415.0,4,15
3,131,1,1,92584.0,2,22
3,3,5,4,95750.0,8,2
3,3,4,5,86973.0,6,1
3,131,1,1,79480.0,1,32
3,131,1,1,71282.0,1,18
3,131,1,2,84197.0,1,1
3,131,1,2,89570.0,1,3
3,131,1,1,95402.0,1,17
3,131,4,9,100589.0,4,24
3,131,4,6,112519.0,4,2
3,131,4,1,80718.0,6,4
3,131,4,1,73876.0,1,6
3,131,1,2,72874.0,5,7
3,131,1,1,102758.0,1,73
3,131,1,1,96067.0,2,69
3,131,1,1,92506.0,2,22
3,131,1,2,98713.0,2,71
3,131,1,1,100237.0,1,24
3,131,1,1,70023.0,1,18
3,131,1,2,86921.0,2,1
3,131,1,1,95417.0,1,71
3,131,1,2,73791.0,7,6
3,131,5,5,74411.0,6,7
3,131,1,2,70838.0,2,18
3,3,4,9,76328.0,9,8
3,3,4,7,76919.0,10,7
3,3,5,10,94399.0,10,3
3,131,1,6,68465.0,4,70
3,131,1,2,89606.0,3,9
3,131,3,5,115241.0,5,3
3,131,3,6,84884.0,5,1
3,131,1,1,76540.0,1,10
3,131,1,2,84383.0,2,14
3,3,7,9,102583.0,9,24
3,131,3,4,97679.0,7,35
3,131,4,5,90625.0,3,9
3,131,2,2,84871.0,2,68
3,131,2,3,100419.0,3,24
3,131,1,3,120050.0,2,2
3,131,4,10,76071.0,6,7
3,131,2,3,104595.0,1,1
3,131,5,6,84833.0,7,14
3,131,5,3,85574.0,5,5
3,131,1,2,81613.0,1,14
3,131,1,2,93264.0,3,2
3,131,1,1,79965.0,2,11
3,131,1,1,74363.0,4,10
3,131,1,1,106744.0,1,13
3,131,1,1,102584.0,1,15
3,131,1,2,95215.0,2,69
3,131,1,2,78958.0,2,32
3,3,4,8,88501.0,7,5
3,3,4,8,84382.0,6,14
3,3,4,4,80632.0,7,11
3,131,1,3,68944.0,1,70
3,131,1,1,90647.0,1,22
3,131,4,4,94923.0,3,17
3,131,1,1,75989.0,1,6
3,131,1,1,74874.0,2,7
3,131,1,1,82715.0,4,11
3,131,1,1,125591.0,2,13
3,131,4,2,110673.0,3,2
3,131,1,2,99058.0,2,24
3,3,4,10,73477.0,4,18
3,131,5,4,94670.0,5,17
3,131,2,2,87102.0,5,18
3,131,1,2,85400.0,2,4
3,131,4,6,74544.0,7,6
3,131,4,6,86952.0,5,5
3,131,1,1,93185.0,2,3
3,131,1,4,115143.0,2,17
3,3,4,5,107334.0,6,13
3,131,1,2,75440.0,1,6
3,131,1,2,74702.0,2,7
3,131,4,7,99773.0,6,24
3,3,7,9,100721.0,8,12
3,131,1,3,93129.0,3,3
3,131,1,1,84681.0,1,4
3,3,5,7,80361.0,5,9
3,131,1,3,110299.0,3,2
3,131,1,2,95828.0,2,17
3,3,6,5,81890.0,4,11
3,3,6,7,100185.0,5,12
3,131,1,2,82595.0,8,11
3,131,1,2,107655.0,2,13
3,131,1,2,68655.0,1,70
3,131,1,2,92361.0,2,9
3,3,8,8,106611.0,2,15
3,131,4,7,97754.0,8,35
3,131,4,7,85451.0,6,68
4,117,5,10,77552.0,8,1
4,6,3,8,97566.0,1,2
4,4,7,3,76840.0,8,8
4,117,5,5,88686.0,6,22
4,6,3,6,96980.0,5,35
4,6,3,9,123482.0,2,13
4,6,3,1,105390.0,1,15
4,117,2,5,90336.0,3,3
4,6,3,9,90979.0,3,9
4,6,3,3,92667.0,8,3
4,6,3,4,91352.0,3,22
4,6,3,3,95766.0,1,35
4,4,5,7,81698.0,4,11
4,117,3,9,87659.0,7,9
4,117,2,2,71449.0,2,6
4,6,3,2,73793.0,1,10
4,6,3,3,79987.0,2,11
4,6,2,6,74824.0,7,6
4,6,2,6,86504.0,2,7
4,6,3,5,79791.0,5,11
4,4,6,10,95115.0,10,3
4,6,3,5,104874.0,4,15
4,6,3,1,81962.0,1,14
4,6,2,8,91665.0,4,22
4,6,2,5,84142.0,2,14
4,6,2,7,103938.0,2,15
4,214,4,14,95876.0,7,69
4,6,3,8,91209.0,4,20
4,4,5,8,99751.0,4,14
4,117,5,8,81251.0,7,78
4,6,2,7,97300.0,3,69
4,117,5,8,83196.0,9,24
4,117,2,6,101253.0,4,73
4,4,1,5,90371.0,1,22
4,117,3,2,87286.0,2,7
4,4,1,3,87321.0,2,5
4,4,1,1,104360.0,2,17
4,117,2,2,87202.0,3,79
4,117,2,2,88730.0,3,77
4,117,2,4,77139.0,3,1
4,214,4,17,72504.0,5,18
4,6,3,5,99058.0,2,24
4,117,5,7,102369.0,6,73
4,6,3,5,72591.0,4,18
4,6,4,5,115637.0,3,17
4,1,11,4,96576.0,2,17
4,4,7,8,89075.0,10,5
4,214,7,8,102327.0,6,73
4,6,3,3,84519.0,3,68
4,4,7,8,100236.0,6,12
4,6,3,4,82841.0,3,14
4,4,4,4,78852.0,1,16
4,4,1,1,73962.0,1,6
4,214,5,2,81944.0,9,7
4,214,5,7,102116.0,5,9
4,1,11,4,72356.0,3,18
4,4,1,4,91702.0,1,3
4,6,3,5,83909.0,2,11
4,1,6,9,101106.0,10,24
4,4,5,6,108504.0,4,13
4,6,2,7,73253.0,2,18
4,4,1,7,95747.0,2,2
4,4,1,3,85778.0,1,1
4,214,6,7,72247.0,7,6
4,214,5,10,103173.0,7,73
4,6,2,6,101582.0,2,24
4,6,3,5,107216.0,3,15
4,117,5,3,94148.0,7,17
4,1,9,7,77549.0,6,11
4,117,5,6,89542.0,9,3
4,214,5,8,92195.0,9,3
4,6,3,5,95802.0,6,2
4,6,3,5,95119.0,7,17
4,6,2,5,85773.0,2,68
4,6,3,5,84974.0,4,1
4,1,6,9,104553.0,7,15
4,1,11,2,91741.0,1,20
4,4,5,7,98450.0,8,2
4,6,2,4,97534.0,3,35
4,6,3,5,85851.0,3,5
4,214,5,6,104204.0,6,71
4,1,11,6,79674.0,4,11
4,1,11,4,87574.0,3,5
4,6,3,7,75814.0,6,7
4,6,3,4,69285.0,5,70
4,6,3,4,120175.0,4,2
4,4,7,7,88422.0,6,5
4,1,11,1,81997.0,1,14
4,214,5,3,81670.0,3,78
4,6,2,3,94913.0,4,17
4,6,2,4,80937.0,2,4
4,6,3,7,87140.0,6,4
4,6,3,5,76686.0,4,6
4,6,4,7,77649.0,5,10
4,4,6,5,76385.0,11,10
4,117,3,5,71506.0,2,39
4,6,3,6,97376.0,5,69
4,6,2,5,98038.0,6,35
4,6,1,3,84111.0,4,1
4,6,4,5,105907.0,4,15
4,1,11,2,81451.0,3,4
4,6,3,8,85826.0,11,68
4,6,3,5,105819.0,4,1
4,117,3,8,73507.0,7,4
4,4,1,1,89816.0,2,20
4,4,1,1,74648.0,1,4
4,6,3,3,75435.0,3,7
4,6,3,4,98075.0,8,12
4,117,4,10,90560.0,8,22
4,1,9,6,69617.0,8,18
4,117,5,6,72228.0,6,7
4,6,3,10,85678.0,3,14
4,6,2,1,100621.0,1,10
4,6,3,4,74483.0,2,6
4,117,4,4,84369.0,6,78
4,214,4,7,92552.0,6,34
4,4,1,5,83709.0,2,21
4,1,7,9,75363.0,5,6
4,6,4,7,99709.0,6,71
4,214,7,9,91340.0,8,34
4,6,3,4,90442.0,2,20
4,6,3,5,80365.0,3,11
4,6,4,3,74151.0,5,7
4,117,5,10,86917.0,8,9
4,6,4,8,70977.0,6,18
4,6,4,8,102866.0,9,24
4,1,6,10,72266.0,10,18
4,1,11,2,72500.0,2,19
4,1,11,3,80147.0,2,9
4,214,5,9,76715.0,4,11
4,6,2,1,111746.0,2,9
4,6,1,3,114608.0,1,3
4,1,11,1,75726.0,1,6
4,1,11,2,76163.0,7,7
4,1,11,4,93192.0,5,3
4,117,3,7,64911.0,5,70
4,4,1,1,80253.0,1,9
4,4,1,1,74942.0,1,7
4,4,1,5,72449.0,5,19
4,4,1,7,75282.0,5,10
4,6,2,3,94788.0,1,17
4,214,4,7,90322.0,7,22
4,214,4,3,105368.0,5,13
4,6,3,3,99792.0,7,24
4,4,1,4,71567.0,2,18
4,117,3,8,77035.0,9,11
4,117,3,9,107843.0,5,13
4,6,1,5,88493.0,2,1
4,6,2,5,81218.0,1,4
4,6,3,5,75989.0,3,18
4,4,1,3,75785.0,2,8
4,117,5,7,76043.0,11,11
4,6,3,4,127786.0,7,13
4,117,5,4,71387.0,3,18
4,117,4,10,81417.0,9,14
4,6,3,5,90886.0,2,22
4,6,4,2,82302.0,2,4
4,6,3,5,74948.0,3,6
4,6,3,8,111251.0,4,13
4,4,5,8,81392.0,5,4
4,1,11,2,95310.0,1,2
4,6,3,9,96622.0,9,17
4,4,4,4,96927.0,4,17
4,4,8,8,85072.0,5,14
4,4,7,5,109054.0,3,15
4,4,6,9,76009.0,7,6
4,6,4,6,97610.0,6,69
4,117,5,8,114765.0,8,13
4,6,3,4,97454.0,2,12
4,6,3,3,90516.0,1,9
4,4,5,7,94578.0,8,3
4,4,4,6,72967.0,2,18
4,1,11,2,86493.0,2,1
4,4,4,9,97659.0,11,2
4,6,4,6,81844.0,5,11
4,4,6,2,96381.0,9,17
4,6,3,3,87539.0,3,18
4,117,5,4,87846.0,5,77
4,117,5,9,93555.0,9,80
4,117,5,7,84084.0,7,24
4,1,11,3,106091.0,3,13
4,6,5,9,94992.0,9,3
5,1,3,3,76143.0,5,10
5,1,3,10,76944.0,4,8
5,1,2,2,81140.0,1,11
5,1,1,3,87079.0,5,1
5,1,6,6,93859.0,8,20
5,1,5,6,82095.0,5,11
5,1,4,2,99532.0,4,12
5,1,4,8,109778.0,7,15
5,1,2,4,76165.0,8,6
5,1,1,5,105873.0,10,15
5,1,1,8,96613.0,3,2
5,4,3,9,108505.0,8,13
5,4,3,7,88491.0,6,5
5,4,3,6,73308.0,5,19
5,1,3,5,93488.0,5,3
5,1,2,2,97631.0,2,14
5,1,4,4,84845.0,6,14
5,4,3,7,84102.0,7,14
5,4,3,8,82568.0,7,4
5,1,3,7,79089.0,9,7
5,1,2,5,72917.0,7,18
5,1,2,5,99937.0,4,12
6,3,8,10,107547.0,8,15
6,3,6,9,82835.0,9,11
6,3,5,5,80216.0,11,9
7,5,8,9,108951.0,7,13
7,5,6,10,80167.0,10,16
7,5,9,10,100750.0,10,12
8,208,4,8,75199.0,9,6
8,51,4,8,89022.0,7,3
8,6,2,5,96794.0,5,15
8,6,2,6,75330.0,3,32
8,6,2,4,67456.0,3,18
8,208,4,9,91684.0,5,22
8,6,2,3,96186.0,3,11
8,6,2,1,79119.0,2,14
8,1,3,2,71299.0,5,18
8,6,1,2,75815.0,9,6
8,6,2,7,86414.0,5,4
8,6,2,6,76427.0,6,6
8,6,2,3,75014.0,4,7
8,6,1,6,81516.0,3,11
8,6,1,4,87936.0,3,5
8,6,1,6,76389.0,6,10
8,6,4,6,88815.0,9,5
8,6,1,3,72825.0,3,18
8,6,2,3,101051.0,3,24
8,6,4,8,99771.0,9,71
8,6,2,4,72144.0,4,18
8,6,9,10,95380.0,6,3
8,6,2,2,83631.0,5,14
8,208,2,7,88738.0,1,1
8,208,3,4,81177.0,2,4
8,6,2,4,93418.0,2,3
8,6,1,1,76449.0,2,8
8,1,3,1,81484.0,2,14
8,208,4,8,90962.0,5,9
8,208,2,8,93327.0,2,3
8,208,3,5,74822.0,10,6
8,208,4,6,79851.0,2,11
8,6,2,4,92237.0,4,71
8,6,2,4,89521.0,5,22
8,6,3,6,100144.0,3,12
8,6,3,7,82468.0,2,11
8,6,4,9,80715.0,8,9
8,6,2,3,104667.0,3,15
8,6,9,8,98089.0,10,17
8,6,2,5,90881.0,5,9
8,6,4,7,106170.0,8,15
8,6,1,1,86072.0,1,1
8,6,2,3,95972.0,5,17
8,6,2,3,96663.0,3,71
8,6,2,4,69901.0,3,70
8,6,1,3,93131.0,3,3
8,208,3,5,98513.0,2,12
8,208,3,6,113290.0,5,9
8,208,3,5,81730.0,2,11
8,6,1,3,95479.0,3,2
8,6,1,4,72839.0,4,19
8,6,1,3,75257.0,1,8
8,6,1,2,96044.0,1,17
8,6,1,3,85990.0,3,9
8,208,4,4,89892.0,2,20
8,6,2,2,91182.0,3,17
8,6,2,3,71547.0,3,10
8,6,2,4,71266.0,4,6
8,6,2,5,71095.0,6,7
8,6,2,6,91057.0,3,34
8,6,1,3,63660.0,2,70
8,51,9,5,72538.0,12,10
8,1,3,5,90933.0,4,20
8,1,3,9,76015.0,5,4
8,6,2,3,68538.0,3,18
8,1,3,3,75386.0,3,7
8,1,3,2,80397.0,3,9
8,208,2,10,112970.0,7,2
8,208,3,2,94761.0,2,17
8,6,1,4,76411.0,5,7
8,6,3,5,75142.0,6,10
8,6,3,5,103540.0,4,15
8,6,3,6,93632.0,4,2
8,6,3,4,82065.0,4,14
8,6,3,6,79376.0,6,32
8,208,4,7,92208.0,6,22
8,6,3,3,106910.0,9,13
8,6,1,3,87546.0,2,5
8,6,1,3,80410.0,2,11
8,208,4,10,105811.0,3,10
8,208,3,3,108205.0,3,13
8,208,4,7,84855.0,5,14
8,6,2,6,73579.0,6,7
8,6,2,4,104269.0,4,73
8,6,1,1,105994.0,1,13
8,6,1,5,83183.0,3,14
8,1,2,8,84158.0,5,21
8,1,2,4,85822.0,2,1
8,51,8,8,68984.0,4,18
8,208,4,7,86236.0,7,68
8,6,5,5,94368.0,10,3
8,6,2,4,72252.0,7,7
8,6,2,3,64779.0,5,70
8,6,2,2,87147.0,3,9
8,6,2,4,92140.0,5,17
8,6,3,4,99604.0,6,24
8,6,1,5,89567.0,4,3
8,6,2,2,93253.0,3,71
8,6,1,1,72178.0,2,6
8,6,3,8,90949.0,5,22
8,6,3,10,76214.0,10,7
8,6,3,8,70795.0,10,70
8,6,3,8,128780.0,4,13
8,6,1,4,83033.0,4,1
8,6,1,6,102490.0,2,73
8,6,2,5,93577.0,3,69
8,6,2,5,77238.0,3,32
8,1,3,6,76281.0,5,8
8,1,3,1,74070.0,3,10
8,6,2,5,96985.0,4,24
8,6,1,2,81828.0,3,1
8,208,4,9,98822.0,2,35
8,208,4,6,85248.0,7,68
8,6,1,3,85516.0,3,16
8,6,2,4,103270.0,4,13
8,6,2,5,97987.0,5,14
8,6,2,10,88498.0,5,22
8,6,2,2,76444.0,2,11
8,208,4,4,101260.0,1,24
8,208,4,5,97625.0,5,35
8,208,4,4,96708.0,6,69
8,6,1,3,72322.0,1,18
8,6,3,3,84523.0,3,14
8,6,2,6,97232.0,4,17
8,6,2,4,93227.0,2,3
8,6,4,2,74927.0,3,6
8,6,2,6,93347.0,4,22
8,6,2,5,98348.0,8,71
8,6,1,2,78644.0,3,16
8,6,1,2,96645.0,3,17
8,208,5,10,96461.0,5,2
8,6,3,6,106633.0,1,13
8,6,1,1,81813.0,1,4
8,6,4,5,80168.0,6,18
8,6,4,7,102236.0,10,24
8,6,3,5,92980.0,4,22
8,208,3,4,82487.0,3,4
8,6,2,5,83113.0,2,4
8,6,1,2,80099.0,1,9
8,6,2,4,90244.0,2,3
8,6,3,2,96230.0,1,2
8,6,2,2,92307.0,1,69
8,6,4,10,71099.0,7,18
9,2,3,4,81281.0,8,11
9,2,7,8,80631.0,2,18
9,2,2,5,88390.0,4,5
9,2,3,8,108763.0,6,13
9,2,2,4,82065.0,4,4
9,2,2,4,96727.0,2,2
9,2,7,5,106586.0,4,13
9,2,3,4,105779.0,11,15
9,2,8,7,109514.0,8,15
9,2,3,6,78979.0,2,16
9,2,2,14,106996.0,9,13
9,2,2,6,93710.0,6,3
9,4,7,9,115885.0,11,3
9,2,2,5,80401.0,4,9
9,2,2,4,75493.0,4,8
9,2,2,5,82253.0,4,4
9,2,2,5,92123.0,7,20
9,2,2,6,83446.0,5,14
9,2,2,5,87722.0,8,5
9,2,2,7,80876.0,5,11
9,4,5,2,74120.0,3,6
9,4,5,7,81353.0,8,4
9,2,2,7,73129.0,5,18
9,4,5,8,95364.0,5,17
9,4,5,6,111051.0,4,2
9,4,5,7,87039.0,6,5
9,4,5,8,75715.0,7,7
9,4,5,6,98137.0,5,12
9,2,2,9,87225.0,7,16
9,4,5,3,106100.0,3,13
9,4,5,8,96824.0,5,35
9,2,1,1,93096.0,3,3
9,2,2,5,77037.0,5,8
9,2,8,10,89357.0,7,5
9,4,5,9,83039.0,8,14
9,2,8,10,100512.0,8,12
9,2,3,5,76171.0,2,6
9,2,2,7,76521.0,7,10
9,2,2,2,78498.0,1,7
9,2,5,9,72131.0,9,18
9,2,3,3,99392.0,3,12
9,2,5,6,82258.0,3,14
9,4,5,8,106593.0,7,15
9,4,4,9,85372.0,2,1
9,2,6,7,101992.0,10,24
10,7,5,6,109180.0,2,15
10,7,5,7,106328.0,4,15
10,7,2,19,86975.0,4,1
10,7,4,9,99787.0,11,14
10,7,5,7,106677.0,10,13
10,7,5,8,77596.0,11,8
10,7,2,3,95690.0,3,2
10,7,3,8,80490.0,9,9
10,7,5,10,74230.0,6,18
10,7,4,5,81326.0,2,11
10,7,3,2,93712.0,7,3
12,4,5,10,82371.0,6,11
13,6,2,2,93123.0,1,3
13,6,3,7,73068.0,5,18
13,6,1,6,98894.0,6,14
13,6,1,2,107678.0,1,13
13,6,3,5,96831.0,6,35
13,6,1,6,79048.0,5,7
13,6,3,4,90804.0,7,22
13,6,3,6,99695.0,5,24
13,3,3,9,86757.0,6,4
13,6,1,2,75859.0,3,10
13,6,1,1,75787.0,3,6
13,6,2,2,75510.0,3,8
13,6,3,7,79929.0,8,11
13,6,1,2,76490.0,1,8
13,6,1,1,98989.0,1,12
13,6,2,1,70680.0,1,18
13,6,2,6,103890.0,6,15
13,6,2,1,89599.0,2,22
13,6,2,1,86907.0,1,5
13,6,1,4,81704.0,9,14
13,6,3,10,124059.0,7,13
13,6,2,4,75442.0,4,4
13,6,3,6,106314.0,4,13
13,6,3,4,80331.0,4,11
13,6,3,3,74290.0,2,10
13,6,3,3,82293.0,3,14
13,6,2,4,84132.0,4,14
13,6,2,5,91378.0,10,22
13,3,5,9,69841.0,7,18
13,6,3,7,101015.0,8,24
13,6,2,3,74569.0,2,10
13,6,2,4,80764.0,5,9
13,6,2,10,77209.0,5,7
13,6,2,2,71435.0,2,19
13,6,2,3,90407.0,3,20
13,6,2,9,81219.0,3,4
13,6,3,4,83702.0,4,21
13,6,1,4,88490.0,4,1
13,6,3,6,96571.0,3,35
13,6,3,6,100202.0,10,24
13,6,2,5,94933.0,6,17
13,6,3,2,110587.0,5,2
13,6,3,5,85201.0,4,68
13,3,5,7,98251.0,8,14
13,6,2,6,98223.0,9,35
13,6,3,5,98127.0,11,12
13,6,2,11,96937.0,4,69
13,6,2,8,101723.0,7,24
13,6,3,8,85599.0,7,1
13,6,3,7,96251.0,5,2
13,6,1,3,96221.0,3,17
13,6,2,6,85857.0,6,68
13,6,1,4,85765.0,6,16
13,6,1,1,71931.0,2,18
13,3,3,4,84865.0,3,14
13,6,3,3,73217.0,6,7
13,6,1,2,106011.0,2,13
13,3,5,1,68759.0,4,70
13,6,2,7,95180.0,9,17
13,6,1,4,80265.0,5,9
13,6,2,6,97884.0,4,35
13,6,2,5,72987.0,3,18
13,6,3,6,95145.0,6,17
13,6,2,9,81585.0,6,4
13,6,3,2,91478.0,9,3
13,6,3,8,87082.0,7,5
13,3,5,10,101213.0,9,24
13,6,2,4,74283.0,4,6
13,3,5,8,90074.0,6,3
13,3,6,7,94511.0,7,3
13,6,3,9,88109.0,7,18
13,3,4,7,84443.0,6,1
13,3,5,9,80032.0,9,32
13,3,4,6,84223.0,5,11
13,6,1,1,87329.0,1,5
13,6,3,3,84247.0,4,14
13,6,1,1,75034.0,2,8
13,6,1,3,91778.0,2,20
13,3,5,10,108263.0,10,13
13,6,1,1,81421.0,1,4
13,6,1,3,75967.0,3,6
13,6,3,4,91124.0,5,9
13,6,4,6,74465.0,10,7
13,3,3,3,70247.0,3,18
13,3,4,3,87718.0,4,1
13,3,3,8,101759.0,8,24
13,6,1,1,92652.0,1,3
13,6,2,5,113065.0,4,9
13,6,3,5,90910.0,5,20
13,6,4,7,81900.0,9,11
13,6,3,5,97535.0,5,12
13,6,1,1,95043.0,5,2
13,3,4,4,97016.0,5,71
13,3,3,6,106000.0,5,15
13,6,1,2,114242.0,2,3
13,6,1,5,84837.0,3,1
13,3,4,5,104483.0,10,73
13,3,3,4,69192.0,3,70
13,6,4,5,75437.0,4,6
13,6,1,1,72368.0,1,18
13,3,3,4,97205.0,4,69
13,3,3,4,96954.0,5,17
13,6,7,4,80934.0,6,4
13,6,3,4,110256.0,8,13
13,6,1,5,78874.0,7,16
13,6,3,7,75049.0,6,6
13,6,3,4,80350.0,6,11
13,6,3,6,83188.0,6,14
13,3,3,7,112473.0,6,2
13,3,3,5,83940.0,3,14
13,6,4,7,88858.0,6,5
13,3,3,3,93085.0,4,9
13,6,1,3,96889.0,2,17
13,3,3,8,83537.0,12,11
13,6,1,3,72703.0,3,19
13,3,3,4,93527.0,7,22
13,3,3,4,101119.0,2,24
13,3,3,7,80567.0,6,32
13,3,3,6,85458.0,5,1
13,6,1,1,87617.0,1,5
13,6,1,3,82058.0,2,4
13,6,4,8,94574.0,3,20
13,3,3,6,108685.0,6,13
14,9,8,7,76426.0,3,6
14,9,4,7,77426.0,9,8
14,9,5,5,97619.0,8,17
14,9,6,9,82749.0,5,4
14,9,5,10,89959.0,9,5
15,7,6,3,96711.0,4,2
15,7,2,20,87127.0,3,1
15,7,4,9,94154.0,7,3
15,7,2,2,95273.0,4,2
15,7,3,1,93431.0,3,3
15,7,5,8,73789.0,6,19
15,7,3,4,80091.0,7,9
15,7,5,2,92220.0,2,22
15,7,3,5,88666.0,4,5
15,7,6,9,84555.0,11,14
15,7,5,8,82529.0,8,4
15,7,5,7,93994.0,6,3
15,7,5,4,76920.0,3,8
15,7,6,8,88836.0,10,5
15,7,5,6,101897.0,7,24
15,7,5,2,72737.0,8,18
15,7,6,8,107798.0,11,13
15,7,4,9,81767.0,7,11
15,7,4,4,76191.0,9,10
15,7,4,7,100309.0,5,12
15,7,6,4,90039.0,6,22
15,7,4,8,96902.0,7,2
15,7,5,7,79026.0,5,16
16,10,9,2,84261.0,4,14
16,10,5,6,90908.0,7,9
16,10,6,9,100768.0,8,24
16,10,6,10,95963.0,11,17
16,10,5,10,116309.0,12,3
16,10,6,8,106659.0,5,13
16,10,7,8,92010.0,6,20
16,10,5,8,75383.0,5,6
16,10,6,4,110914.0,5,2
17,9,1,1,105778.0,2,13
17,9,7,6,97009.0,7,2
17,9,5,6,88417.0,7,5
17,9,1,7,81570.0,5,4
17,9,1,3,75637.0,2,18
17,9,1,1,99957.0,2,24
17,9,5,6,92476.0,3,20
17,9,7,5,95797.0,6,2
17,9,2,3,96466.0,2,17
17,9,1,2,97163.0,3,12
17,9,1,1,90399.0,3,9
17,9,2,5,81049.0,3,4
17,9,1,2,90853.0,2,22
17,9,1,5,86208.0,4,7
17,9,1,5,105977.0,3,15
17,9,1,4,82433.0,6,14
17,9,1,3,121325.0,5,13
17,9,1,1,74381.0,1,6
17,9,1,2,79184.0,1,11
17,9,2,4,74347.0,6,10
17,9,6,10,97345.0,10,2
17,9,6,6,76913.0,9,7
17,9,6,9,73871.0,7,19
17,9,1,4,74346.0,7,7
17,9,1,1,90079.0,3,20
17,9,1,2,111793.0,1,9
17,9,2,3,101726.0,2,24
17,9,2,2,79668.0,1,18
17,9,1,7,107475.0,11,15
17,3,5,7,93006.0,6,3
17,9,1,2,91090.0,9,22
17,9,1,1,97242.0,2,35
17,9,1,2,85454.0,2,5
17,9,2,9,106788.0,9,13
17,9,1,3,72581.0,4,18
17,9,1,3,84395.0,5,1
17,9,2,2,89758.0,1,9
17,9,1,5,99925.0,8,24
17,9,2,7,75373.0,5,7
17,9,1,4,87572.0,2,18
17,9,1,1,73826.0,1,6
17,9,3,2,87827.0,6,1
17,9,1,5,112244.0,2,2
17,9,1,2,83968.0,3,14
17,9,2,4,88613.0,2,5
17,9,2,8,75653.0,5,6
17,9,2,3,79868.0,2,9
17,9,2,1,92230.0,1,20
17,9,1,12,108392.0,6,13
17,9,1,8,101496.0,8,10
17,9,1,4,73429.0,3,7
17,9,1,1,80981.0,4,4
17,9,2,9,100239.0,9,12
17,9,1,3,74019.0,4,6
17,9,2,3,81741.0,3,11
17,3,6,10,84795.0,6,21
17,9,1,4,90220.0,2,9
17,9,1,7,93078.0,7,3
17,9,1,4,74181.0,3,6
17,9,5,9,81256.0,9,11
17,9,1,2,96441.0,3,69
17,9,1,1,90915.0,2,22
17,9,5,7,98153.0,10,17
17,9,4,6,115284.0,8,3
17,9,1,2,85327.0,3,68
17,9,2,1,86295.0,3,5
17,9,5,7,107524.0,7,13
17,9,3,1,79995.0,1,4
17,9,3,2,94808.0,8,17
17,9,1,6,91156.0,4,22
17,9,1,2,84508.0,4,68
17,9,4,6,77233.0,6,8
17,9,1,6,80474.0,5,11
17,9,1,2,104732.0,3,15
17,9,3,1,109327.0,2,2
17,9,5,2,84035.0,9,1
17,9,1,3,95179.0,4,2
17,9,1,2,72099.0,1,18
17,9,1,3,89608.0,7,20
17,9,2,4,96461.0,4,2
17,9,2,5,85651.0,4,1
17,9,1,3,109376.0,2,13
17,9,6,7,82429.0,5,4
17,9,1,4,98858.0,4,24
17,9,6,7,108736.0,8,13
17,9,2,6,96290.0,4,17
17,9,7,3,98117.0,8,14
17,9,1,4,96468.0,3,35
17,9,1,3,92637.0,4,3
17,9,6,8,81732.0,9,11
17,9,5,9,77343.0,4,6
18,1,2,3,72283.0,3,18
18,1,1,2,85074.0,1,1
18,1,2,3,98631.0,3,24
18,1,2,3,96126.0,4,35
18,1,1,5,96191.0,2,17
18,1,2,2,90475.0,1,22
18,1,6,9,94518.0,9,2
18,1,2,4,84950.0,2,68
18,1,2,3,82777.0,2,14
18,1,2,3,104804.0,2,15
18,11,8,10,85165.0,8,14
18,1,5,9,76182.0,4,7
18,1,1,5,94979.0,1,17
18,1,2,8,115672.0,7,3
18,23,1,5,101892.0,3,24
18,11,4,3,91549.0,4,3
18,1,5,6,85379.0,8,14
18,1,5,10,129776.0,6,13
18,1,3,4,85659.0,5,68
18,1,6,3,98200.0,4,9
18,1,2,4,84675.0,1,1
18,11,4,14,80092.0,1,11
18,1,5,4,99121.0,4,71
18,1,3,5,101290.0,4,24
18,11,8,10,99285.0,5,17
18,1,1,4,86781.0,2,5
18,1,1,5,80991.0,5,4
18,1,2,4,95200.0,2,2
18,11,4,7,90992.0,4,22
18,1,2,2,94421.0,4,17
18,1,6,7,84294.0,10,11
18,23,1,10,92962.0,8,22
18,11,4,4,105503.0,4,17
18,11,4,5,82011.0,5,14
18,11,4,6,87790.0,4,5
18,11,4,2,93986.0,3,2
18,1,6,8,94317.0,5,22
18,1,2,6,85982.0,6,5
18,1,2,8,91290.0,4,22
18,1,5,6,101964.0,5,24
18,1,5,5,70930.0,4,18
18,23,1,6,85030.0,2,14
18,1,1,7,98210.0,3,12
18,1,1,4,75520.0,2,7
18,1,2,4,99823.0,3,24
18,1,3,2,72513.0,1,18
18,1,5,8,125673.0,5,17
18,1,6,10,90357.0,9,1
18,1,2,10,124053.0,6,2
18,1,2,4,84779.0,6,1
18,23,1,8,82511.0,7,11
18,11,4,8,76008.0,6,4
18,11,4,2,82988.0,7,21
18,1,2,2,73997.0,3,6
18,1,2,7,73838.0,1,7
18,1,2,5,81996.0,3,4
18,23,1,5,99821.0,7,12
18,23,1,2,88421.0,1,5
18,1,2,4,106939.0,2,15
18,1,2,1,107573.0,1,13
18,23,1,3,92473.0,5,20
18,23,1,6,80289.0,6,9
18,1,5,8,104282.0,7,15
18,1,5,9,84515.0,10,14
18,1,5,10,91827.0,9,22
18,1,2,7,96731.0,12,35
18,23,1,5,96532.0,3,17
18,23,1,1,74902.0,1,6
18,23,1,1,80527.0,1,4
18,23,1,4,94044.0,1,3
18,1,2,6,97645.0,6,12
18,1,2,4,81583.0,6,11
18,1,3,6,104113.0,2,10
18,23,1,1,95181.0,1,2
18,1,2,5,91378.0,4,22
18,1,2,4,105944.0,4,15
18,1,5,6,123075.0,6,13
18,1,6,9,75647.0,6,6
18,1,2,2,82084.0,2,14
18,1,1,5,74427.0,5,10
18,23,1,1,86202.0,1,1
18,1,2,3,80024.0,1,11
18,11,4,4,74862.0,4,10
18,1,2,9,98801.0,8,12
18,1,7,3,69900.0,6,70
20,5,9,9,77244.0,8,10
20,6,2,3,103966.0,2,73
20,6,2,3,72990.0,2,7
20,9,2,6,85668.0,2,1
20,9,1,1,104381.0,1,15
20,9,1,1,78773.0,3,11
20,6,2,1,76276.0,1,11
20,6,2,2,102795.0,2,13
20,6,2,3,95125.0,2,24
20,6,2,4,74970.0,2,32
20,6,2,6,98064.0,3,14
20,6,2,3,87356.0,7,9
20,6,2,8,92192.0,6,22
20,6,2,3,91943.0,3,71
20,9,1,1,83755.0,1,14
20,9,1,2,92584.0,1,3
20,6,2,2,93347.0,2,69
20,9,1,3,73980.0,2,6
20,9,1,3,81054.0,4,4
20,9,1,2,75519.0,1,18
20,117,7,9,90554.0,6,22
20,6,2,4,74552.0,4,6
20,6,2,1,70240.0,2,7
20,6,2,4,70947.0,2,6
20,9,1,1,79815.0,2,11
20,9,1,3,90216.0,4,20
20,9,1,4,112199.0,3,9
20,2,2,7,73513.0,8,19
20,9,1,2,100075.0,1,24
20,9,1,1,84119.0,1,68
20,6,2,4,101841.0,4,73
20,6,2,2,64293.0,2,70
20,6,2,2,71789.0,4,7
20,6,2,4,96246.0,2,17
20,6,2,2,91864.0,2,17
20,6,2,2,67374.0,6,18
20,6,3,5,71495.0,5,18
20,6,2,4,96210.0,2,11
20,9,3,3,110789.0,1,2
20,9,2,3,127717.0,5,13
20,9,2,2,83201.0,7,11
20,9,2,6,77577.0,4,10
20,9,3,1,94558.0,6,17
20,9,2,3,75548.0,3,7
20,9,2,4,105902.0,2,15
20,9,2,8,85436.0,6,14
20,117,9,9,103091.0,6,73
20,117,9,9,72732.0,10,6
20,6,2,4,95339.0,5,24
20,9,2,2,97386.0,5,9
20,9,4,1,114101.0,4,3
20,9,1,1,85283.0,1,68
20,6,2,2,118905.0,1,13
20,5,6,7,73082.0,4,18
20,5,6,6,97685.0,9,17
20,5,6,9,79638.0,6,16
20,9,1,1,90839.0,1,22
20,9,1,24,101073.0,3,24
20,9,1,2,89501.0,1,20
20,6,2,3,84675.0,3,1
20,6,2,3,68810.0,4,70
20,6,2,5,75071.0,3,11
20,6,2,2,103267.0,4,13
20,9,2,8,106761.0,3,13
20,9,1,2,81181.0,1,4
20,6,2,1,76488.0,4,32
20,6,2,2,68360.0,1,18
20,9,1,1,73556.0,1,6
20,9,1,1,73014.0,2,7
20,9,1,3,106905.0,1,15
20,6,2,3,82739.0,1,11
20,9,2,1,88316.0,3,5
20,6,2,7,89799.0,5,34
20,6,3,3,81972.0,3,14
20,6,2,6,83334.0,3,4
20,9,2,2,75420.0,4,7
20,9,2,1,97587.0,1,12
20,9,1,1,86479.0,1,18
20,9,2,1,89615.0,7,9
20,6,2,1,91095.0,8,17
20,6,1,1,87958.0,1,3
20,6,2,3,85458.0,3,4
20,6,2,3,96687.0,3,17
20,6,2,2,109908.0,1,2
20,6,2,2,92982.0,5,3
20,9,2,6,70938.0,5,18
20,9,2,2,108204.0,4,15
20,9,2,9,85180.0,8,14
20,9,2,1,92160.0,1,22
20,6,2,4,87757.0,3,1
20,9,1,1,99394.0,1,24
20,9,1,1,109674.0,1,2
20,9,3,1,87407.0,3,1
20,9,1,1,95657.0,2,69
20,9,1,4,72760.0,6,18
20,9,6,2,119486.0,3,2
20,6,4,10,86339.0,10,9
20,117,9,13,91062.0,8,21
20,9,1,3,74227.0,2,6
20,9,2,3,114960.0,5,17
20,9,3,2,80101.0,3,4
20,9,2,2,80660.0,4,4
20,6,2,4,97965.0,2,71
20,9,1,3,81416.0,4,11
20,9,1,2,101026.0,5,10
20,9,1,2,90431.0,2,9
20,9,1,1,96975.0,1,12
20,6,2,1,70764.0,1,7
20,6,2,2,71039.0,2,6
20,6,1,1,101498.0,4,73
20,6,2,3,76305.0,4,4
20,9,2,2,101615.0,1,24
20,9,2,9,94432.0,3,22
20,9,1,2,97316.0,1,35
20,9,1,1,85049.0,1,5
20,6,2,2,79200.0,2,4
20,6,1,2,72221.0,1,6
20,9,1,1,93706.0,2,17
20,9,1,1,94870.0,1,2
20,9,1,1,83529.0,1,1
20,6,2,5,92298.0,4,69
20,6,2,3,96777.0,3,24
20,6,1,3,81838.0,1,1
20,6,1,6,63464.0,3,70
20,6,1,2,85936.0,1,9
20,6,2,3,90400.0,5,34
20,6,2,3,76272.0,4,4
20,6,3,5,99661.0,3,24
20,6,2,1,87064.0,2,22
20,6,2,2,75170.0,2,32
20,6,1,2,82456.0,1,1
20,9,2,1,96184.0,1,17
20,6,2,4,93245.0,3,22
20,6,2,1,103885.0,1,15
20,9,2,3,94015.0,2,3
20,6,2,3,91848.0,3,17
20,6,2,3,100797.0,3,73
20,6,2,3,96437.0,1,15
20,6,2,3,71804.0,3,18
20,6,3,7,79381.0,5,32
20,6,3,6,96358.0,4,69
20,6,3,6,91028.0,4,22
20,6,2,2,79280.0,4,14
20,6,2,3,96628.0,3,15
20,6,2,3,81190.0,4,1
20,6,2,2,88160.0,5,3
20,9,2,1,79509.0,1,9
20,6,2,3,83685.0,2,14
20,9,2,4,92480.0,2,20
20,6,2,6,93547.0,3,9
20,6,2,3,75849.0,2,6
20,9,1,2,96042.0,1,35
20,5,9,6,100142.0,6,12
20,9,1,1,71918.0,2,18
20,9,1,1,92422.0,1,3
20,9,2,5,96634.0,11,2
20,9,1,1,90466.0,3,22
20,6,2,1,93194.0,2,71
20,6,1,3,89247.0,1,3
20,9,1,1,97202.0,1,35
20,9,1,1,96338.0,1,69
20,9,1,2,91089.0,1,22
20,9,2,1,73791.0,3,10
20,9,1,1,102841.0,1,15
20,9,1,2,121200.0,1,13
20,9,1,2,79426.0,3,11
20,9,1,2,105457.0,2,15
20,9,1,6,82675.0,4,14
20,9,1,1,90785.0,1,22
20,9,1,1,85425.0,1,7
20,9,1,1,73784.0,4,7
20,6,2,11,91490.0,9,9
20,5,6,1,97555.0,1,14
20,5,8,10,110319.0,5,13
20,5,6,6,106244.0,5,15
20,117,5,8,71419.0,5,6
20,6,2,5,80874.0,4,11
20,117,7,9,84961.0,10,24
20,6,3,4,107108.0,6,13
20,6,3,6,75315.0,5,10
20,9,1,1,82275.0,1,14
20,9,1,1,108298.0,1,13
20,9,1,1,84178.0,1,68
21,4,3,7,94056.0,8,3
21,4,3,10,89322.0,9,5
21,4,1,4,87564.0,6,5
21,4,1,5,74894.0,6,10
21,4,1,2,104992.0,3,17
21,4,2,9,83175.0,4,14
21,4,1,6,90599.0,3,22
21,4,1,2,85635.0,5,1
21,4,1,2,75178.0,4,7
21,10,9,1,106308.0,2,13
21,4,1,9,77260.0,6,6
21,4,1,2,74709.0,3,4
21,4,3,6,87634.0,5,1
21,4,1,1,93840.0,1,2
21,4,1,6,71629.0,6,18
21,4,1,7,76345.0,6,8
21,4,3,5,75674.0,6,8
21,4,1,5,80919.0,4,9
21,4,1,3,71920.0,3,19
22,11,8,9,80848.0,7,7
22,3,7,10,83328.0,10,14
22,3,7,6,106236.0,6,15
22,3,7,7,91535.0,9,22
22,3,7,8,85217.0,8,1
22,23,1,4,101786.0,4,24
22,23,1,4,96493.0,4,17
22,11,4,8,82787.0,6,14
22,23,1,6,94239.0,5,3
22,23,1,8,95651.0,5,2
22,11,4,3,105503.0,6,17
22,23,1,1,79576.0,8,18
22,23,1,6,92660.0,7,22
22,11,4,5,71619.0,7,18
22,11,4,3,80085.0,4,11
22,3,6,7,100203.0,12,24
22,3,7,9,98428.0,4,12
22,23,1,3,75077.0,2,6
22,23,1,3,80762.0,2,4
22,23,1,9,108828.0,6,15
22,23,1,5,85015.0,1,14
22,23,1,4,106513.0,7,13
22,11,4,3,83242.0,10,21
22,11,4,4,90754.0,5,20
22,23,1,3,99563.0,1,12
22,11,4,5,75804.0,4,6
22,23,1,2,86505.0,2,1
22,3,7,8,91175.0,5,9
22,23,1,2,92357.0,6,20
22,3,7,10,96998.0,7,35
22,11,4,4,72109.0,6,19
22,23,1,2,79856.0,3,9
23,7,6,5,80714.0,6,11
23,7,5,15,87569.0,7,5
23,7,5,8,75923.0,9,10
23,7,6,3,89989.0,7,22
23,7,7,6,83772.0,9,21
23,7,5,5,76091.0,4,8
23,7,6,6,86612.0,3,1
24,10,6,10,75170.0,9,6
30,6,2,2,90028.0,1,20
30,131,4,8,76925.0,7,18
30,131,4,6,81294.0,4,4
30,131,4,7,74590.0,12,6
30,131,4,5,86857.0,4,5
30,131,4,10,91430.0,9,9
30,6,2,14,94668.0,6,2
30,6,2,6,105775.0,1,17
30,131,3,7,84927.0,10,1
30,131,4,9,95646.0,10,17
30,6,3,1,91431.0,2,3
30,6,1,2,81486.0,1,14
30,6,2,2,87284.0,3,5
30,131,3,7,115524.0,6,3
30,131,5,3,112020.0,7,9
30,131,4,10,91846.0,6,22
30,131,4,8,83777.0,5,14
30,6,2,3,80574.0,2,9
30,131,5,4,84540.0,6,14
30,131,5,8,86646.0,12,5
30,6,3,1,82795.0,1,21
30,131,5,3,102459.0,7,10
30,6,2,3,74970.0,2,4
30,6,2,2,74205.0,1,10
30,6,2,5,75986.0,2,7
30,6,2,1,70832.0,1,19
30,131,5,8,73864.0,4,7
30,131,4,8,100662.0,7,24
30,131,9,3,96391.0,10,2
30,6,2,1,75493.0,1,8
30,131,4,9,96950.0,4,35
31,1,2,7,84021.0,3,21
31,1,3,4,74664.0,2,6
31,1,2,5,92164.0,5,3
31,1,3,5,94916.0,4,2
31,1,3,8,81107.0,6,9
32,9,6,8,93112.0,8,3
35,2,5,10,81599.0,8,9
35,2,5,19,89239.0,6,1
35,2,5,9,91542.0,8,20
37,1,3,8,76632.0,7,8
37,1,3,7,105877.0,5,17
37,1,3,4,80117.0,2,11
67,5,10,6,80250.0,7,18
67,5,10,10,102713.0,8,24
67,5,7,10,99321.0,8,17
154,208,4,8,107788.0,7,15
154,208,2,8,89013.0,10,1
154,210,5,5,122122.0,7,13
154,208,4,7,97934.0,7,35
154,210,7,9,90763.0,8,3
154,210,6,6,72544.0,6,10
154,208,5,9,108561.0,3,13
154,208,6,10,84181.0,7,11
154,208,3,7,93008.0,3,3
154,208,8,8,97905.0,7,17
154,208,6,10,94484.0,7,3
154,208,6,8,93967.0,7,22
154,208,3,2,81366.0,3,11
154,210,5,8,68517.0,8,18
154,210,5,5,89761.0,8,22
154,208,4,6,100997.0,4,24
154,210,7,6,65480.0,6,70
154,208,4,3,97155.0,2,69
154,208,4,3,97531.0,3,35
154,208,4,4,91365.0,3,22
154,208,4,7,123081.0,8,13
154,208,4,5,89959.0,3,20
154,208,4,3,79595.0,6,11
154,208,3,3,82424.0,4,4
154,208,3,7,74645.0,2,7
154,210,8,7,91961.0,11,22
154,210,8,6,72851.0,7,10
154,210,8,8,73349.0,8,6
154,208,4,8,96587.0,7,69
154,208,3,6,95364.0,9,17
154,210,6,7,76911.0,10,4
155,15,5,10,96820.0,7,2
155,15,6,8,85109.0,9,14
155,15,6,3,91700.0,3,22
155,15,4,3,95784.0,10,17
155,15,9,10,88122.0,10,5
807,10,5,8,92172.0,7,9
807,10,5,5,74726.0,6,6
807,10,5,7,101686.0,7,24
807,210,7,6,86338.0,6,9
807,210,7,9,65385.0,6,70
807,10,5,9,82836.0,10,14
807,210,7,10,77735.0,7,1
807,10,8,14,114382.0,12,9
807,10,8,10,82847.0,11,11
807,10,8,4,103501.0,9,10
807,10,4,8,72104.0,7,18
807,4,4,7,94215.0,6,69
807,10,4,5,79330.0,7,32
807,210,7,9,88146.0,11,79
807,10,4,9,92142.0,8,22
807,4,5,10,86386.0,10,9
807,4,6,12,104542.0,8,13
807,4,5,8,98264.0,9,15
807,10,5,10,80788.0,7,32
807,10,8,8,98752.0,5,12
807,3,7,5,111001.0,10,2
807,10,5,9,78014.0,7,10
807,4,5,6,93289.0,10,71
807,10,4,7,100501.0,7,24
807,4,5,6,80049.0,5,14
807,10,5,5,69278.0,6,70
807,10,5,9,93673.0,7,9
807,210,6,9,93062.0,8,80
807,4,5,7,83532.0,7,1
807,4,5,7,92532.0,6,17
807,4,5,7,89570.0,6,3
807,10,5,7,121712.0,5,2
807,4,8,7,89842.0,9,3
807,10,3,8,116366.0,6,17
807,10,5,4,98329.0,8,9
807,4,6,7,98282.0,6,24
807,10,7,8,98266.0,6,35
807,10,7,6,73206.0,5,18
807,10,7,6,97141.0,8,69
807,4,4,7,72560.0,5,10
807,15,7,7,91644.0,6,22
807,3,7,8,83037.0,7,14
807,4,8,5,88856.0,6,9
807,211,5,3,86082.0,7,9
807,4,7,10,73271.0,8,7
807,210,7,9,94604.0,10,17
807,4,8,8,95285.0,8,71
807,15,8,3,84065.0,5,14
807,15,7,7,98237.0,4,35
807,4,8,7,104982.0,6,13
807,3,7,10,81710.0,6,11
807,10,4,7,107543.0,4,13
807,10,5,8,75510.0,7,10
807,210,7,7,82886.0,8,24
807,10,4,8,94489.0,8,2
807,15,7,10,89582.0,8,18
807,10,5,7,106030.0,6,1
807,15,7,4,97296.0,6,69
808,4,4,10,74085.0,5,7
808,4,5,7,81229.0,5,11
808,4,5,10,100901.0,6,24
808,4,4,7,86296.0,8,5
808,4,4,6,85247.0,3,1
808,4,5,10,112303.0,9,13
811,3,7,9,82343.0,7,11
813,208,5,6,75329.0,7,7
813,3,6,1,82285.0,1,4
813,3,7,3,98475.0,12,12
813,3,8,9,97842.0,9,69
813,3,8,3,101226.0,5,24
814,10,5,9,89305.0,8,1
814,10,8,9,104889.0,11,10
814,10,7,9,84304.0,8,14
814,10,8,8,74705.0,11,7
814,10,8,8,96190.0,11,17
814,10,7,6,107241.0,4,15
814,10,7,9,108890.0,10,13
814,10,5,21,90736.0,9,9
814,10,5,5,93235.0,4,3
814,10,5,10,82233.0,7,4
814,10,8,10,98992.0,7,12
815,211,3,3,109321.0,2,5
815,9,1,6,101917.0,1,73
815,9,2,8,77701.0,5,4
815,9,1,9,71573.0,4,6
815,15,6,8,93394.0,11,3
815,10,4,6,107407.0,5,13
815,10,4,7,94319.0,6,2
815,10,5,7,103515.0,3,73
815,9,1,2,113765.0,7,13
815,10,4,17,104582.0,8,15
815,9,1,2,84052.0,3,24
815,9,1,2,89846.0,2,3
815,15,4,8,96524.0,11,17
815,15,4,9,97698.0,2,2
815,9,2,2,74446.0,11,21
815,9,1,4,90445.0,3,34
815,211,3,5,53790.0,1,3
815,9,2,4,78890.0,4,75
815,9,1,3,100495.0,1,73
815,9,1,1,86841.0,2,79
815,10,7,9,97229.0,7,22
815,9,1,5,89537.0,2,3
815,9,1,3,87807.0,2,77
815,1,5,8,84502.0,12,14
815,1,6,8,82069.0,9,4
815,9,1,9,84171.0,4,24
815,10,4,7,89260.0,7,22
815,9,1,9,72321.0,4,18
815,10,4,9,91658.0,6,2
815,9,1,4,64168.0,4,70
815,9,2,4,68483.0,4,18
815,9,2,8,80611.0,5,14
815,211,4,7,76311.0,5,76
815,211,4,4,79720.0,10,14
815,9,2,4,76342.0,3,32
815,10,4,9,95337.0,6,71
815,9,2,8,105337.0,9,71
815,1,5,8,101068.0,9,24
815,211,4,8,102532.0,10,13
815,10,4,8,73018.0,5,7
815,9,1,2,93982.0,3,17
815,1,5,9,86153.0,5,68
815,9,2,6,83706.0,3,5
815,9,2,3,93134.0,3,69
815,10,2,4,94346.0,3,3
815,1,5,7,97452.0,7,69
815,211,4,6,63868.0,6,70
815,9,2,4,89036.0,4,79
815,9,1,6,76274.0,5,1
815,9,1,2,88263.0,2,22
815,9,3,1,88200.0,4,77
815,9,2,3,89808.0,2,21
815,9,1,3,71629.0,1,6
815,9,1,2,101641.0,2,73
815,9,3,3,78240.0,2,1
815,10,6,10,85944.0,7,14
815,9,1,5,79420.0,2,4
815,10,4,8,98374.0,7,24
815,10,9,4,121894.0,5,13
815,10,5,10,72774.0,7,10
815,9,1,9,95173.0,4,69
815,1,7,9,114136.0,9,2
815,9,1,4,101616.0,2,9
815,10,4,8,100519.0,8,24
815,10,7,10,94594.0,8,69
815,10,6,7,76808.0,7,6
815,10,5,7,84626.0,6,14
815,10,5,7,98691.0,3,71
815,10,6,4,108599.0,5,13
815,10,4,5,69598.0,9,18
815,10,6,8,102547.0,3,73
815,10,9,8,92758.0,12,17
815,9,1,3,63990.0,6,70
815,211,3,9,86704.0,4,20
815,211,4,4,92317.0,4,71
815,9,1,5,71077.0,5,39
815,9,1,2,109434.0,1,15
815,9,1,4,87460.0,4,79
815,10,4,5,91961.0,7,22
815,10,4,9,72165.0,4,18
815,9,1,4,89709.0,2,22
815,9,1,13,81206.0,6,14
815,9,1,2,104462.0,2,13
815,10,5,9,80716.0,8,32
815,9,1,3,91335.0,4,34
815,211,7,7,104706.0,6,13
815,9,1,5,70416.0,6,39
815,9,1,9,77045.0,3,11
815,9,1,2,107045.0,2,13
815,9,1,7,71880.0,4,39
815,9,1,5,80688.0,2,14
815,10,6,9,72154.0,12,6
815,9,1,4,75601.0,7,18
815,9,1,1,88265.0,1,77
815,211,5,5,101593.0,6,73
815,9,1,8,80062.0,8,14
815,9,1,8,65202.0,7,70
815,9,1,9,94645.0,4,69
815,9,1,4,78128.0,3,32
815,10,5,8,82814.0,8,14
815,10,7,9,83782.0,7,4
815,10,5,4,101184.0,5,24
815,9,1,11,72061.0,8,4
815,10,7,7,96865.0,11,17
815,10,5,7,74902.0,3,6
817,9,3,1,70810.0,1,6
817,9,3,6,91948.0,1,17
817,9,3,8,82152.0,4,1
817,9,3,14,69330.0,6,18
817,213,8,4,77382.0,7,32
817,9,3,4,90595.0,3,2
817,5,7,5,90757.0,8,9
817,1,3,10,91382.0,6,34
817,1,3,5,104156.0,4,71
817,4,5,6,86223.0,3,20
817,5,7,7,95998.0,7,17
817,5,7,7,84209.0,7,14
817,4,5,5,92364.0,5,71
817,9,3,11,67780.0,4,18
817,9,3,6,96996.0,6,15
817,9,3,16,96841.0,4,14
817,1,3,2,79995.0,1,14
817,4,5,8,76543.0,4,76
817,9,3,3,99840.0,2,15
817,9,3,3,88306.0,3,22
817,4,5,7,79864.0,6,14
817,5,7,6,90528.0,12,20
817,1,3,6,93808.0,5,69
817,9,2,2,114455.0,4,17
817,9,4,13,94051.0,4,3
817,9,3,5,95401.0,4,24
817,9,3,6,103863.0,3,13
817,4,6,8,81192.0,8,70
817,9,2,3,86285.0,3,4
817,9,2,5,97244.0,3,69
817,9,2,8,100606.0,3,9
817,4,6,8,86009.0,4,9
817,9,2,5,69466.0,8,70
817,9,2,6,75589.0,1,7
817,9,3,5,93033.0,4,17
817,9,2,5,77273.0,6,10
817,9,2,4,83391.0,1,11
817,9,2,5,127911.0,1,13
817,9,2,3,76384.0,3,6
817,9,2,3,99589.0,5,24
817,9,3,5,72998.0,3,6
817,9,3,10,103414.0,1,73
817,9,3,4,89545.0,5,3
817,9,3,6,80175.0,3,4
817,9,3,6,72557.0,3,7
817,9,3,4,64896.0,3,70
817,4,6,4,102061.0,4,13
817,9,2,6,99635.0,7,71
817,1,4,9,83749.0,11,7
817,9,2,6,94075.0,4,22
817,9,2,2,103115.0,2,15
817,9,2,5,107216.0,2,13
817,9,3,3,80280.0,3,11
817,9,2,3,74726.0,2,10
817,9,2,3,95509.0,3,69
817,9,2,4,91240.0,6,22
817,9,2,6,71540.0,8,18
817,9,2,4,79133.0,3,32
817,1,5,13,85045.0,9,24
817,9,2,6,82389.0,5,14
817,9,4,4,82774.0,3,11
817,1,4,7,79032.0,6,1
817,9,2,3,105854.0,3,15
817,4,5,9,93488.0,6,69
817,9,2,9,85709.0,5,14
817,1,3,6,74826.0,6,21
817,1,3,6,89927.0,7,3
817,4,5,7,53957.0,5,3
817,9,4,2,104428.0,2,15
817,1,3,6,86899.0,5,9
817,4,5,7,86182.0,7,9
817,9,4,5,80399.0,5,32
817,9,4,5,101444.0,6,24
817,9,4,8,85589.0,4,1
817,9,3,2,95917.0,4,17
817,9,3,1,73622.0,2,6
817,4,8,6,71218.0,9,6
817,4,8,13,78106.0,12,4
817,9,3,5,90854.0,4,3
817,9,3,3,82680.0,4,4
817,9,3,5,69980.0,5,70
817,9,3,4,90618.0,4,9
817,9,3,4,73166.0,7,7
817,9,3,2,103966.0,7,73
817,215,6,5,72178.0,8,7
817,9,2,4,93467.0,1,2
817,9,5,7,97540.0,9,17
817,9,4,7,93832.0,6,3
817,4,5,5,79839.0,4,14
817,9,4,4,76041.0,5,6
817,4,3,5,74520.0,3,21
817,4,5,5,111595.0,10,5
817,9,3,6,71116.0,4,7
817,9,3,5,90895.0,4,34
817,9,3,6,76818.0,5,4
817,9,3,6,87099.0,5,9
817,4,5,6,88417.0,7,3
817,1,3,7,77622.0,6,4
818,5,6,6,105864.0,8,1
818,5,7,10,75703.0,8,6
818,5,7,8,84720.0,9,11
818,5,7,8,76162.0,8,7
821,15,7,8,98405.0,11,35
822,131,1,3,76873.0,3,4
822,131,2,10,102659.0,12,73
822,131,2,3,86328.0,3,9
822,131,1,1,73609.0,2,21
822,131,1,2,87553.0,8,3
822,131,2,3,88124.0,2,3
822,131,1,2,71416.0,2,10
822,131,1,2,90147.0,7,34
822,131,1,5,71441.0,5,6
822,131,1,2,76213.0,2,4
822,131,1,2,70857.0,2,7
822,131,2,4,86217.0,4,9
822,51,8,9,85058.0,8,78
822,131,1,1,78348.0,3,75
822,3,4,7,83522.0,5,4
822,3,4,5,96296.0,10,17
822,131,1,2,70252.0,3,6
822,3,4,8,105246.0,6,73
822,3,4,7,73670.0,3,7
822,3,4,2,96536.0,4,71
822,3,5,8,107612.0,8,13
822,131,1,4,103415.0,3,13
822,3,3,6,69319.0,5,70
822,3,3,8,113179.0,5,2
822,3,3,5,97143.0,6,17
822,3,3,4,85694.0,4,4
822,3,3,4,75102.0,3,7
822,3,3,3,108537.0,9,13
822,3,3,6,84127.0,4,14
822,131,1,1,91387.0,2,71
822,131,1,2,88059.0,2,22
822,131,1,4,97833.0,2,14
822,131,1,2,94956.0,5,24
822,131,1,2,80598.0,1,1
822,131,1,4,88256.0,2,3
822,131,1,3,76530.0,3,11
822,131,1,3,103094.0,5,13
822,131,1,6,87651.0,4,22
822,131,1,3,69222.0,3,39
822,131,1,19,79555.0,3,14
822,131,1,2,75203.0,2,76
822,131,2,5,64035.0,3,70
822,131,1,1,68469.0,3,18
822,131,1,2,78956.0,5,14
822,3,3,3,93024.0,5,22
822,131,1,4,92632.0,2,71
822,3,3,7,105676.0,5,15
822,3,3,4,93149.0,5,9
822,131,1,1,92029.0,1,69
822,131,1,1,62939.0,1,70
822,3,3,3,93128.0,6,22
822,51,5,7,79608.0,6,4
822,131,1,3,87293.0,1,22
822,131,1,6,75338.0,3,32
822,3,3,3,101025.0,3,24
822,3,3,8,106187.0,11,15
822,3,3,5,93381.0,4,3
822,3,3,3,96906.0,5,69
822,131,1,3,91865.0,6,17
822,131,1,3,93289.0,1,71
822,131,1,3,67441.0,5,18
822,131,1,1,64251.0,1,70
822,131,1,3,72177.0,2,7
822,131,2,1,88769.0,3,3
822,131,1,2,101027.0,2,73
822,131,1,9,87376.0,2,9
822,3,6,7,116282.0,7,17
822,131,1,9,93475.0,6,69
822,131,1,6,83036.0,6,24
822,131,1,2,87622.0,3,77
822,131,1,2,101763.0,2,13
822,131,1,1,82998.0,1,5
822,131,1,4,96702.0,4,15
822,3,4,15,108147.0,5,1
822,131,1,2,75643.0,3,4
822,131,1,1,85154.0,3,9
822,3,9,9,97836.0,8,69
822,131,1,1,100495.0,1,73
822,131,1,2,84616.0,11,9
822,51,5,7,90439.0,5,21
822,131,1,1,75406.0,2,4
822,3,4,5,82388.0,6,14
822,131,1,3,63537.0,3,70
822,131,1,2,88605.0,2,34
822,131,1,1,91547.0,2,17
822,3,5,8,79551.0,8,32
822,3,3,2,76759.0,2,10
822,131,1,20,94973.0,4,24
822,3,5,4,86632.0,5,4
822,51,4,6,91560.0,6,3
822,3,3,3,98920.0,3,71
822,3,3,3,84697.0,4,14
822,3,5,2,68846.0,3,70
822,3,6,3,94247.0,8,3
822,51,5,5,89475.0,7,79
822,131,1,2,73554.0,3,11
822,131,1,4,80701.0,2,70
822,3,6,4,75550.0,7,7
822,3,4,6,128049.0,3,13
822,131,1,3,92616.0,5,69
822,3,4,3,83354.0,8,11
822,131,1,4,76958.0,2,32
822,131,2,3,82481.0,3,1
822,131,2,3,72223.0,4,6
822,131,1,4,79656.0,3,14
822,131,1,1,53377.0,8,3
822,131,1,2,95271.0,2,24
822,131,1,3,89586.0,3,3
822,131,1,1,85093.0,2,9
822,131,1,5,97146.0,5,15
822,131,1,3,79354.0,2,14
822,3,3,6,80448.0,3,32
822,131,1,6,71101.0,4,7
822,131,1,3,91956.0,1,71
822,131,2,3,90376.0,4,34
822,131,1,2,76754.0,2,75
822,131,2,5,64049.0,2,70
822,131,1,16,104710.0,5,71
822,131,1,2,95918.0,5,11
822,131,1,1,68322.0,2,18
822,131,1,3,91625.0,2,17
822,131,1,1,96231.0,1,24
822,131,1,6,100810.0,3,15
822,131,1,5,90758.0,5,2
822,131,1,3,93568.0,5,69
825,210,5,9,124933.0,8,13
825,210,8,6,91575.0,10,15
825,210,6,5,72200.0,11,10
825,210,8,8,89164.0,9,21
825,1,6,6,69515.0,7,70
825,210,7,4,87767.0,10,79
825,210,6,8,93481.0,11,69
825,210,7,10,81500.0,9,78
825,210,8,9,111573.0,12,15
825,210,3,7,91808.0,5,3
825,1,1,4,105745.0,2,1
825,210,6,8,76922.0,7,4
825,1,6,5,98417.0,7,9
825,1,5,5,85314.0,10,14
825,210,5,10,89588.0,9,77
825,210,9,9,69037.0,11,18
825,1,5,11,99629.0,5,71
825,1,5,7,128679.0,12,13
825,1,5,7,70969.0,9,18
825,210,6,7,76886.0,7,32
825,1,5,7,97706.0,8,69
825,210,5,7,87244.0,9,9
825,210,7,6,89358.0,5,3
825,210,7,9,92930.0,6,34
825,210,4,7,82099.0,6,1
825,1,6,9,106250.0,10,15
826,9,4,4,104745.0,6,15
826,9,4,9,101933.0,10,24
826,5,7,7,71271.0,7,6
826,5,6,8,107368.0,9,1
826,9,4,4,80398.0,4,32
826,5,7,9,100707.0,9,9
826,5,7,7,104469.0,9,15
826,213,7,6,53906.0,7,3
826,9,3,6,96399.0,3,17
826,5,9,9,77573.0,9,4
826,9,4,7,83332.0,2,11
826,9,4,7,93636.0,6,9
826,213,7,8,74696.0,4,21
826,9,4,5,76182.0,4,6
830,5,5,6,111981.0,7,2
830,9,3,4,82945.0,6,24
830,9,3,2,76171.0,6,32
830,9,3,5,92797.0,5,80
830,9,2,3,74498.0,1,21
830,9,2,1,88997.0,2,3
830,5,7,9,83679.0,4,11
830,9,2,6,102023.0,5,73
830,9,2,1,95246.0,1,24
830,9,2,3,87678.0,2,3
830,9,1,2,70576.0,1,6
830,9,2,2,76777.0,2,4
830,9,1,7,80022.0,6,14
830,5,7,5,85434.0,10,1
830,9,2,4,74834.0,3,10
830,9,3,4,80557.0,5,11
830,9,3,4,85276.0,5,9
830,9,1,1,77775.0,1,32
830,9,3,4,101069.0,4,73
830,9,2,2,108055.0,6,5
830,9,1,2,71403.0,1,4
830,9,2,2,106893.0,11,13
830,9,3,5,88752.0,4,3
830,9,3,5,92089.0,4,17
830,9,3,4,81320.0,3,1
830,9,1,2,94448.0,1,69
830,9,3,2,74785.0,1,32
830,9,3,5,67778.0,2,18
830,9,3,6,95589.0,3,24
830,9,3,3,89057.0,3,22
830,9,3,5,80615.0,5,14
830,9,3,2,96334.0,2,15
830,9,3,1,74572.0,2,11
830,9,3,2,72113.0,1,10
830,9,3,4,89409.0,4,34
830,9,3,2,63439.0,1,70
830,9,3,3,70641.0,4,6
830,9,1,1,86720.0,1,9
830,9,1,1,70342.0,1,39
830,9,1,1,89304.0,1,22
830,9,1,8,111395.0,7,15
830,9,1,2,100391.0,2,73
830,9,3,5,73414.0,4,7
830,9,1,11,113159.0,4,13
830,9,1,3,75273.0,5,11
830,9,1,1,63841.0,1,70
830,9,1,1,63720.0,1,70
830,9,3,3,90313.0,2,9
830,9,3,8,71153.0,2,70
830,9,3,9,105570.0,8,73
830,9,2,3,85562.0,2,20
830,9,2,3,76904.0,3,75
830,9,2,2,91867.0,2,71
830,9,3,4,90705.0,2,34
830,9,3,3,70937.0,3,7
830,9,2,1,68885.0,1,39
830,9,2,3,75840.0,9,11
830,9,1,1,88877.0,1,22
830,9,2,3,79054.0,4,32
830,9,2,3,91178.0,2,22
830,9,2,3,93420.0,2,2
830,9,2,4,103328.0,6,15
830,9,1,1,70567.0,1,39
830,9,1,1,64983.0,2,70
830,9,1,2,91176.0,1,34
830,9,3,4,96813.0,3,15
830,9,1,7,80306.0,1,14
830,9,1,1,85858.0,1,7
830,9,1,1,72272.0,1,4
830,9,1,1,71365.0,1,6
830,9,3,4,74758.0,6,32
830,9,3,9,92310.0,4,71
830,9,1,14,103665.0,1,13
830,9,1,10,78823.0,1,11
830,9,1,6,106168.0,1,13
830,9,1,2,76612.0,1,11
830,9,1,2,80307.0,1,14
830,9,1,1,64391.0,1,70
830,9,3,7,122769.0,3,13
830,9,3,4,71822.0,4,10
830,9,3,4,63840.0,1,70
830,9,2,2,68372.0,2,18
830,9,2,3,76225.0,1,32
830,9,1,1,87241.0,2,79
830,9,3,5,83485.0,5,1
830,9,2,6,99818.0,4,24
830,9,2,4,71485.0,3,18
830,9,1,1,74746.0,1,21
830,9,2,1,82109.0,1,24
830,9,2,3,87653.0,2,77
830,9,2,7,81282.0,2,78
830,9,1,1,88197.0,1,22
830,9,2,7,82411.0,7,14
830,9,1,1,64313.0,5,70
830,9,2,1,92910.0,1,69
830,9,2,2,83196.0,2,5
830,9,1,1,81299.0,1,7
830,9,3,5,91796.0,5,17
830,9,1,1,70727.0,1,18
830,9,3,5,76816.0,3,4
830,9,1,1,83778.0,1,78
830,9,1,3,101706.0,1,73
830,9,2,3,76292.0,2,4
830,9,2,3,101778.0,3,13
830,9,2,1,87999.0,1,21
830,9,1,2,79073.0,1,4
830,9,3,4,72496.0,5,6
830,9,3,7,95161.0,5,71
830,9,1,2,72000.0,1,7
830,9,1,3,77263.0,1,32
830,9,1,4,71666.0,3,6
830,9,3,2,76574.0,1,32
830,9,3,16,93658.0,4,69
830,9,3,4,68925.0,5,18
830,9,3,6,97328.0,5,24
830,9,3,4,81879.0,6,1
830,9,1,6,95081.0,1,69
830,5,7,8,105798.0,8,15
830,9,3,4,83087.0,1,4
830,9,1,4,86203.0,2,9
830,5,6,9,97194.0,8,17
830,9,1,1,83445.0,1,24
830,9,3,2,95139.0,2,24
830,9,3,1,67508.0,1,18
830,9,3,3,92096.0,3,69
830,9,1,2,101055.0,7,9
830,9,2,7,74849.0,2,11
830,9,2,3,85325.0,2,9
830,9,3,2,80489.0,3,70
830,9,2,3,88991.0,1,79
830,9,1,2,93104.0,1,80
830,9,3,4,88332.0,2,22
830,9,3,3,90541.0,1,2
830,9,1,1,87472.0,1,77
830,9,1,1,89179.0,1,3
830,9,2,4,86176.0,1,9
830,9,3,4,88461.0,1,77
830,9,3,5,76797.0,5,11
830,9,3,4,88130.0,4,9
830,9,1,1,93660.0,1,17
830,9,2,2,89728.0,2,15
830,9,1,1,89990.0,1,34
830,9,1,2,70029.0,2,39
830,5,7,8,80710.0,9,32
830,5,7,9,98924.0,10,71
830,9,3,2,80520.0,1,78
830,9,3,4,76357.0,3,4
830,9,1,3,71877.0,6,18
830,9,1,1,76732.0,1,1
830,9,2,2,92361.0,3,69
830,9,2,3,78746.0,2,75
830,9,1,1,83824.0,1,24
830,9,1,1,89708.0,1,3
831,15,4,9,98067.0,8,17
832,6,2,1,75946.0,1,32
832,6,2,2,92410.0,3,80
832,6,4,8,90215.0,8,3
832,5,8,0,76931.0,10,6
832,6,1,3,90687.0,2,3
832,6,1,3,88402.0,3,77
832,6,4,4,101016.0,5,73
832,6,2,4,109583.0,3,15
832,4,4,7,81041.0,8,14
832,6,2,2,76185.0,1,1
832,5,6,10,102056.0,4,15
832,6,4,3,87349.0,5,79
832,1,4,7,72897.0,5,10
832,1,4,6,89522.0,6,34
832,1,4,9,71417.0,6,6
832,6,4,4,71630.0,8,6
832,6,2,3,70434.0,8,39
832,1,4,7,97818.0,12,15
832,6,4,2,102510.0,3,71
832,1,3,3,79695.0,2,14
832,6,4,6,71754.0,5,39
832,4,4,7,92126.0,8,34
832,4,4,8,72692.0,12,10
832,4,7,7,94852.0,7,69
832,6,2,3,79166.0,4,4
832,6,4,6,80462.0,6,14
832,6,4,5,90840.0,11,34
832,1,4,10,86709.0,5,20
832,6,3,7,114477.0,6,13
832,6,3,4,75696.0,6,11
832,6,4,11,89294.0,5,7
832,6,2,4,89507.0,3,3
832,6,1,2,88986.0,3,79
832,6,3,12,92770.0,6,80
832,1,2,8,63971.0,5,70
832,6,3,7,71989.0,6,18
832,6,2,2,77421.0,4,11
832,6,2,1,104297.0,3,13
832,6,3,1,80294.0,3,14
832,6,3,1,90984.0,1,15
832,6,4,5,93792.0,7,69
832,6,3,4,94945.0,3,69
832,6,2,3,87455.0,5,79
832,6,2,2,71601.0,2,6
832,6,2,18,80429.0,4,14
832,6,4,3,64581.0,6,70
832,6,4,5,87148.0,10,9
832,6,4,2,72734.0,5,4
832,1,4,5,93222.0,6,71
832,1,4,7,88304.0,5,22
832,6,2,3,82096.0,2,7
832,6,4,10,87007.0,6,9
832,6,2,3,82824.0,2,24
832,6,3,3,92652.0,2,69
832,6,2,7,81041.0,6,78
832,6,4,5,79039.0,11,75
832,6,2,4,84242.0,4,24
832,5,5,6,73162.0,6,6
832,6,2,4,75233.0,5,21
832,6,2,7,94297.0,5,17
832,6,2,4,88682.0,3,22
832,6,3,5,81840.0,7,78
832,6,3,3,68826.0,6,18
832,4,5,9,103351.0,5,73
832,6,3,6,89850.0,6,22
832,4,5,9,92819.0,9,17
832,4,4,8,72130.0,10,6
832,6,3,2,77233.0,4,32
832,4,5,9,83577.0,10,1
832,6,3,5,82992.0,3,24
832,6,2,1,100983.0,1,9
832,6,2,6,71736.0,6,4
832,5,7,10,97326.0,6,69
832,6,2,4,64851.0,3,70
832,6,2,7,72357.0,3,18
832,5,6,7,91989.0,8,9
832,1,4,8,54010.0,4,3
832,6,3,5,101576.0,8,73
832,6,2,5,78351.0,5,32
832,1,4,10,74911.0,7,21
832,6,4,5,77270.0,12,1
832,6,4,4,88931.0,6,77
832,6,4,4,90154.0,4,3
832,5,5,8,83643.0,6,4
832,6,2,7,86509.0,5,9
832,5,6,8,96881.0,9,17
832,1,3,6,95815.0,6,24
832,6,4,6,77620.0,7,4
832,6,3,5,79467.0,4,14
832,5,7,10,102708.0,11,24
832,5,7,7,85582.0,9,1
832,6,4,4,70611.0,2,6
838,1,9,9,101398.0,7,15
839,4,5,7,88419.0,9,3
839,214,7,8,72125.0,10,4
839,214,8,10,65883.0,12,70
839,214,4,8,84830.0,7,24
839,214,4,16,72425.0,8,18
839,214,5,6,79042.0,7,75
839,214,5,9,83389.0,9,24
839,214,5,6,89078.0,8,77
839,10,4,10,95430.0,7,71
839,214,5,8,79061.0,7,1
839,4,6,6,102396.0,5,13
839,214,6,10,73047.0,12,6
839,214,5,9,82028.0,5,78
839,10,6,6,72061.0,6,6
839,214,6,8,84763.0,7,78
839,214,5,9,88647.0,4,77
839,10,4,6,94647.0,6,69
839,214,5,7,83529.0,6,7
839,214,5,3,71553.0,3,6
839,4,5,7,92624.0,7,71
839,10,4,9,98397.0,8,24
839,10,4,5,89111.0,6,22
839,214,4,5,90165.0,4,22
839,214,6,8,87935.0,9,79
839,214,5,6,65726.0,5,70
839,214,5,8,76653.0,1,11
839,10,9,3,121851.0,6,13
839,10,6,10,88194.0,7,9
839,10,4,3,97719.0,6,14
839,10,4,9,105369.0,9,13
839,10,7,8,81099.0,6,14
839,214,4,5,89068.0,6,77
839,214,5,6,73083.0,8,4
839,10,7,11,90126.0,9,22
839,214,5,6,87945.0,8,7
839,214,4,16,105180.0,7,13
839,4,6,9,86209.0,6,9
839,10,4,7,102186.0,6,73
839,214,8,9,114810.0,9,13
839,10,4,9,73135.0,6,7
839,214,6,4,84475.0,2,18
839,214,7,9,75210.0,9,21
840,117,5,9,77072.0,6,1
840,117,7,7,104956.0,11,71
840,211,4,9,102603.0,9,13
840,117,3,5,72994.0,6,4
840,211,5,6,86428.0,6,9
840,117,9,0,90676.0,10,79
840,117,2,9,101611.0,7,73
840,3,5,2,97032.0,7,14
840,117,5,3,71344.0,5,18
840,211,4,3,74377.0,4,11
840,117,7,8,84305.0,9,5
840,117,2,6,77308.0,4,1
840,117,5,8,86585.0,7,9
840,117,5,8,76244.0,10,11
840,211,3,1,107765.0,9,5
840,117,5,9,72701.0,7,7
840,117,2,8,90836.0,6,3
840,211,3,10,54200.0,3,3
840,211,4,8,96046.0,10,24
840,3,5,8,102753.0,3,73
840,117,3,6,64893.0,9,70
840,211,5,6,85839.0,9,9
840,117,3,10,108841.0,9,13
840,211,4,8,80049.0,3,14
840,117,6,10,90601.0,10,3
841,51,9,10,88754.0,9,77
842,213,7,9,96242.0,8,24
842,214,6,5,82984.0,7,24
842,213,7,9,54154.0,11,3
842,213,6,6,70900.0,6,6
842,214,9,6,93018.0,12,69
842,213,5,6,90868.0,7,34
842,214,5,9,89357.0,9,77
842,9,3,6,92930.0,6,17
842,9,3,6,76708.0,6,4
842,214,7,7,71857.0,9,4
842,214,6,7,95089.0,6,69
842,214,6,7,84553.0,12,78
842,213,7,6,102845.0,5,73
842,213,6,5,76456.0,4,32
842,214,6,4,93239.0,11,80
842,5,7,10,72221.0,7,6
842,214,5,10,72816.0,10,4
842,9,3,5,85590.0,4,9
842,213,6,5,76483.0,5,11
842,213,7,10,80177.0,1,14
842,213,6,6,88125.0,6,77
842,213,6,4,83326.0,6,5
842,214,5,7,71933.0,7,6
842,213,7,7,86534.0,11,9
842,213,8,5,82648.0,8,14
842,213,9,7,111211.0,10,15
842,214,6,5,87786.0,8,79
842,214,5,9,65170.0,10,70
842,213,7,9,89254.0,8,77
842,5,8,6,97591.0,6,11
842,213,7,9,93000.0,9,71
842,9,3,8,71041.0,5,6
842,213,7,8,88448.0,6,3
842,5,6,5,89329.0,4,3
842,5,6,6,68837.0,2,18
842,213,6,9,79475.0,10,75
842,213,5,5,74790.0,7,21
842,213,5,6,64107.0,9,70
842,213,5,4,101565.0,3,73
844,6,4,4,93606.0,4,69
844,6,2,8,88786.0,4,22
844,6,4,3,83265.0,4,5
844,6,3,8,76837.0,5,32
844,6,2,5,71731.0,5,4
844,6,2,4,91865.0,5,17
844,15,8,7,68492.0,7,18
844,15,9,7,93419.0,7,71
844,6,4,7,87861.0,7,79
844,6,4,1,100203.0,3,73
844,6,2,3,85172.0,3,9
844,6,4,5,80510.0,4,14
844,6,2,1,91628.0,3,71
844,6,2,3,74970.0,3,21
844,6,2,1,80161.0,2,14
844,6,4,6,71471.0,6,6
844,6,2,2,87382.0,3,79
844,6,2,1,71376.0,4,6
844,6,1,2,88778.0,6,21
844,6,3,5,84424.0,5,78
844,6,2,1,75024.0,4,32
844,6,2,7,78555.0,6,32
844,6,3,1,77166.0,3,32
844,6,3,2,83584.0,2,24
844,6,4,12,88420.0,7,77
844,6,3,1,101365.0,2,73
844,6,2,6,84525.0,5,18
844,6,3,6,70582.0,3,39
844,6,2,4,92783.0,4,80
844,6,3,6,75905.0,4,11
844,6,3,1,113754.0,3,13
844,15,8,8,96237.0,7,24
844,6,2,12,94421.0,3,69
844,6,2,1,87866.0,3,3
844,6,2,5,76588.0,5,4
844,6,2,5,81442.0,5,1
844,6,3,1,101218.0,4,73
844,6,2,4,76265.0,3,32
844,6,2,3,101298.0,4,9
844,6,2,1,102519.0,1,13
844,6,2,1,79307.0,1,14
844,6,2,4,75043.0,4,11
844,6,2,2,89407.0,4,3
844,6,2,4,76435.0,2,1
844,6,3,1,92726.0,2,80
844,6,1,1,88796.0,2,79
844,6,2,3,77567.0,6,11
844,6,2,2,87791.0,3,77
844,6,3,6,68960.0,5,18
844,6,3,3,80361.0,4,14
844,6,4,6,76992.0,7,11
844,6,3,3,91063.0,4,15
844,6,4,1,106988.0,3,13
844,6,4,4,85427.0,3,9
844,6,3,7,83122.0,10,24
844,6,3,4,88054.0,7,77
844,6,6,5,76270.0,8,76
844,6,2,1,63003.0,2,70
844,6,2,1,109412.0,2,15
844,6,2,2,70363.0,3,39
844,6,2,15,104553.0,6,13
844,6,2,2,89314.0,3,22
844,6,4,4,87136.0,9,9
844,6,2,3,70920.0,3,7
844,6,1,2,88225.0,2,77
844,6,4,2,64438.0,2,70
844,6,1,1,90558.0,1,3
844,6,4,8,79306.0,6,75
844,6,2,3,88965.0,3,34
844,6,6,7,74616.0,5,21
844,6,2,3,84092.0,2,24
844,6,3,8,86614.0,4,9
844,6,1,1,77868.0,1,1
844,15,9,8,92635.0,10,34
844,6,2,2,65013.0,1,70
844,6,2,1,96217.0,2,15
844,6,2,6,94289.0,4,17
844,6,6,4,77090.0,4,75
844,6,6,4,86035.0,7,20
844,6,3,4,79461.0,1,14
844,6,2,5,80852.0,2,78
844,6,3,4,89542.0,4,22
844,6,4,4,86828.0,2,9
844,6,4,4,77510.0,4,4
844,6,2,6,65044.0,11,70
844,6,3,7,63923.0,2,70
844,6,2,4,92137.0,4,69
844,6,3,4,92740.0,1,69
844,6,4,4,89678.0,6,3
844,6,2,3,95219.0,3,24
844,6,4,4,74740.0,4,21
846,1,3,7,79116.0,5,75
846,1,1,1,82595.0,1,24
846,1,1,1,92330.0,4,69
846,1,1,1,89525.0,1,15
846,1,3,7,74875.0,3,21
846,1,4,8,93175.0,7,69
846,1,2,3,63626.0,3,70
846,1,4,6,102084.0,6,9
846,1,2,1,79327.0,3,14
846,1,3,3,86030.0,3,9
846,1,2,1,75227.0,2,11
846,1,4,9,74814.0,8,21
846,1,3,9,88542.0,4,3
846,1,5,7,84769.0,6,24
846,1,4,7,89614.0,6,3
846,1,6,4,64658.0,4,70
846,1,3,5,85782.0,5,9
846,1,3,4,94165.0,2,17
846,1,4,9,98329.0,7,15
846,1,2,9,80925.0,5,70
846,1,4,7,93301.0,8,71
846,1,5,4,77769.0,7,11
846,1,4,5,89131.0,3,21
846,1,3,6,88132.0,8,77
846,1,5,7,107669.0,7,13
846,1,5,5,92032.0,7,34
846,1,4,10,86778.0,9,9
846,1,5,2,71104.0,7,39
846,1,5,4,91270.0,2,15
846,1,5,9,80979.0,8,14
846,1,5,3,76694.0,2,11
846,1,4,3,82931.0,7,24
846,1,3,7,83954.0,7,5
846,1,5,7,71174.0,7,39
846,1,3,3,72021.0,2,7
846,1,3,3,76315.0,3,1
846,1,3,3,88489.0,5,22
846,1,4,7,88180.0,10,77
846,1,5,2,86961.0,2,9
846,1,3,10,102657.0,7,13
846,1,3,2,74837.0,2,21
846,1,5,17,106178.0,12,13
846,1,5,7,101281.0,9,73
846,1,4,6,110584.0,4,15
846,1,5,3,81584.0,7,14
846,1,5,10,91003.0,10,22
846,1,3,3,79989.0,2,14
846,1,3,7,93887.0,8,69
846,1,3,6,79820.0,4,14
846,1,4,4,78703.0,5,1
846,1,4,5,83816.0,5,24
846,1,4,2,94853.0,2,69
846,1,4,5,71849.0,6,6
846,1,4,6,71987.0,2,18
846,1,5,3,89493.0,2,22
846,1,5,6,95690.0,6,69
846,1,4,8,86224.0,11,9
846,1,3,1,101993.0,7,71
846,1,3,5,87594.0,1,79
846,1,5,9,89043.0,6,3
846,1,4,7,101886.0,8,73
846,1,3,5,86897.0,4,9
846,1,3,2,63768.0,3,70
846,1,3,8,91252.0,5,34
846,1,2,4,113981.0,5,13
846,1,3,1,71383.0,2,4
846,1,2,1,69673.0,1,39
846,1,4,9,101747.0,5,73
846,1,3,5,70620.0,3,6
846,1,1,1,83405.0,6,18
846,1,3,4,95497.0,5,24
846,1,1,3,76260.0,2,32
846,1,1,3,80772.0,10,78
846,1,3,7,89974.0,4,3
846,1,1,6,93008.0,6,80
847,131,3,4,79393.0,3,4
847,131,2,6,78933.0,3,1
847,131,3,6,72112.0,5,6
847,131,2,4,83788.0,3,24
847,131,2,5,95079.0,5,69
847,131,4,4,71703.0,4,4
847,131,4,20,92974.0,6,69
847,131,4,4,70244.0,7,39
847,131,4,3,79440.0,7,14
847,3,8,3,102983.0,10,71
847,131,3,2,78079.0,4,32
847,131,3,1,72059.0,1,18
847,131,3,4,94988.0,5,69
847,131,3,6,87804.0,4,79
847,131,4,3,64840.0,1,70
847,131,3,8,71964.0,5,6
847,131,2,6,87155.0,5,9
847,131,3,6,71147.0,2,39
847,131,3,8,90389.0,8,22
847,131,3,3,89485.0,5,3
847,131,2,9,92216.0,4,3
847,131,3,4,65431.0,4,70
847,131,3,2,81542.0,3,14
847,131,4,9,89008.0,7,22
847,131,4,7,88067.0,8,79
847,131,4,6,75234.0,7,21
847,131,4,8,94433.0,6,17
847,131,4,1,72000.0,3,7
847,131,2,8,77674.0,6,32
847,131,2,8,90219.0,7,22
847,131,2,2,84219.0,4,78
847,131,3,5,105776.0,4,13
847,131,3,8,83557.0,4,7
847,131,2,3,93112.0,8,80
847,131,4,7,88316.0,6,77
847,131,3,5,102712.0,3,73
847,131,3,1,77377.0,3,11
847,131,3,6,92131.0,3,34
847,131,2,8,107805.0,6,13
847,131,2,4,80671.0,5,14
847,131,2,6,89104.0,5,77
847,131,1,2,53403.0,9,3
847,131,4,4,89867.0,4,15
847,131,4,1,80575.0,4,78
847,131,3,3,88857.0,4,77
847,131,3,6,90340.0,7,3
847,131,3,6,84511.0,5,24
847,131,4,2,83578.0,4,18
847,131,4,5,101874.0,3,73
847,131,4,1,92312.0,1,80
847,131,4,5,76356.0,5,32
847,131,4,6,83132.0,5,24
848,3,8,9,102859.0,7,73
848,5,7,10,71653.0,8,6
848,9,2,5,95571.0,4,24
848,3,7,4,71419.0,8,39
848,9,2,9,86669.0,5,9
848,3,7,6,80760.0,7,14
848,9,3,6,97411.0,6,15
848,9,2,5,102264.0,6,13
848,9,3,5,75336.0,5,32
848,9,3,6,87851.0,4,22
848,9,3,6,81011.0,4,70
848,9,2,4,110448.0,7,5
848,9,2,4,88274.0,3,3
848,3,9,9,80299.0,9,14
848,9,3,6,92548.0,5,69
848,3,7,5,93323.0,12,80
848,9,3,5,95682.0,6,24
848,9,2,15,93008.0,10,71
848,3,9,9,86640.0,9,9
848,3,7,8,87530.0,8,9
848,3,9,10,65823.0,11,70
848,9,2,4,75954.0,3,76
848,5,8,9,86345.0,12,9
848,3,10,6,105837.0,10,13
849,3,10,10,123095.0,12,9
852,215,6,10,88192.0,7,79
852,215,6,10,76477.0,9,11
852,213,8,6,83968.0,8,24
852,215,8,7,93029.0,9,80
852,213,5,7,102211.0,7,73
852,215,8,3,84111.0,7,18
852,213,6,8,83220.0,4,24
852,213,7,9,89932.0,12,79
852,215,6,8,76788.0,7,1
852,213,9,8,101581.0,10,73
855,51,6,10,84030.0,8,7
857,1,3,5,74820.0,4,21
857,1,2,3,70172.0,4,39
857,1,1,5,92950.0,5,69
857,1,1,4,80829.0,3,78
857,1,1,5,89953.0,3,15
857,1,1,8,84686.0,8,18
857,1,1,2,82804.0,10,24
857,1,1,8,93033.0,7,80
857,1,3,7,65048.0,2,70
857,1,6,8,91349.0,11,7
857,1,5,3,87092.0,4,9
857,1,3,5,86237.0,4,9
857,1,2,5,114027.0,2,13
857,1,1,2,101686.0,1,73
857,1,4,3,83782.0,6,24
857,1,5,2,89458.0,3,22
857,1,5,8,71938.0,9,39
857,1,5,4,76905.0,5,11
857,1,3,5,88089.0,4,77
857,1,4,7,77623.0,8,32
857,1,3,5,76572.0,4,1
857,1,5,6,84540.0,2,78
857,1,4,8,89683.0,8,3
857,1,3,5,94273.0,8,17
857,1,3,6,88760.0,8,22
857,1,5,7,80785.0,12,14
857,1,5,10,101611.0,11,73
857,1,2,2,79436.0,2,14
857,1,2,2,75249.0,1,11
857,1,3,4,72103.0,5,7
859,215,8,5,84484.0,9,18
859,213,10,10,92268.0,9,15
861,3,8,8,102530.0,8,73
